dataset,method,model,calib_size,mean,q90,std,raw
ionosphere,JaB,PCA,100,0.124,0.329,0.146,"[0.18246, 0.36988, 0.11998, 0.15532, 0.14057, 0.27768, 0.015, 0.25795, 0.20463, 0.1275, 0.55374, 0.33564, 0.0, 0.09665, 0.0305, 0.21598, 0.32889, 0.0, 0.092, 0.19214, 0.11533, 0.28134000000000003, 0.08832, 0.0, 0.11968, 0.34425, 0.0835, 0.0075, 0.0, 0.13165, 0.12414, 0.32916, 0.0, 0.10569, 0.0, 0.05638, 0.0, 0.10663, 0.2664, 0.01, 0.005, 0.12414, 0.15898, 0.0025, 0.0, 0.17628, 0.29984, 0.5373, 0.0, 0.45318, 0.04821, 0.0, 0.32949, 0.033, 0.1058, 0.0075, 0.0, 0.54368, 0.0, 0.025, 0.0, 0.0, 0.0, 0.024, 0.02, 0.1825, 0.07717, 0.0, 0.0, 0.09414, 0.0735, 0.07649, 0.0, 0.0, 0.0, 0.11747, 0.015, 0.16398000000000001, 0.24431, 0.07582, 0.4224, 0.30462, 0.0075, 0.30585, 0.21330000000000002, 0.13382, 0.6165, 0.0025, 0.08915000000000001, 0.033, 0.0, 0.0, 0.19982, 0.0225, 0.0, 0.17416, 0.0025, 0.005, 0.0, 0.0]"
ionosphere,JaB,PCA,200,0.176,0.398,0.152,"[0.25146, 0.11998, 0.46579, 0.0, 0.03948, 0.18881, 0.39757000000000003, 0.50804, 0.27714, 0.15283, 0.38282, 0.0, 0.2387, 0.42481, 0.08497, 0.397, 0.07749, 0.12097000000000001, 0.25314, 0.0, 0.2462, 0.36983, 0.19332, 0.19664, 0.015, 0.43041, 0.17793, 0.33848, 0.23233, 0.0, 0.40215, 0.21247, 0.0, 0.16331, 0.01, 0.09497, 0.26354, 0.0, 0.20831, 0.28568, 0.0, 0.025, 0.12247, 0.32341000000000003, 0.21781, 0.10816, 0.4435, 0.08076, 0.38151, 0.31528, 0.20202, 0.0, 0.16497, 0.40532, 0.06648, 0.20282, 0.08415, 0.03605, 0.21267, 0.0, 0.006500000000000001, 0.0, 0.18731, 0.18799, 0.0, 0.0, 0.17232, 0.0, 0.0, 0.1918, 0.034140000000000004, 0.0, 0.27075, 0.2273, 0.08698, 0.033, 0.0, 0.13747, 0.5884, 0.07998, 0.29847, 0.04297, 0.39795, 0.47343, 0.28197, 0.57175, 0.26947, 0.03615, 0.2125, 0.0, 0.20779, 0.0305, 0.22582, 0.25799, 0.13899, 0.0, 0.14415, 0.14247, 0.0, 0.0]"
ionosphere,JaB,PCA,300,0.171,0.405,0.16,"[0.45862, 0.2548, 0.04163, 0.11498, 0.06115, 0.0, 0.5326, 0.04815, 0.14514, 0.26797, 0.45761, 0.08497, 0.46619, 0.05699, 0.0, 0.0, 0.22415000000000002, 0.0375, 0.39867, 0.18714, 0.22066, 0.015, 0.20551, 0.08832, 0.36733, 0.05842, 0.34181, 0.0, 0.38575, 0.12164, 0.21314, 0.40416, 0.04164, 0.0025, 0.09331, 0.09664, 0.22853, 0.0, 0.28519, 0.24067, 0.22781, 0.0, 0.19914, 0.19481, 0.4435, 0.32439, 0.0833, 0.37484, 0.3222, 0.37303000000000003, 0.029920000000000002, 0.0, 0.1928, 0.16647, 0.03605, 0.40948, 0.24267, 0.006500000000000001, 0.0, 0.25081, 0.04304, 0.0, 0.0, 0.0, 0.057, 0.006500000000000001, 0.19097, 0.12482, 0.0, 0.043000000000000003, 0.2273, 0.03331, 0.13747, 0.0, 0.0, 0.06548, 0.39479, 0.16949, 0.54423, 0.07582, 0.10964, 0.31081, 0.55806, 0.42713, 0.20698, 0.012, 0.63087, 0.215, 0.24698, 0.0, 0.13816, 0.20946, 0.27713, 0.032170000000000004, 0.12582, 0.0, 0.22832, 0.10247, 0.0, 0.0]"
ionosphere,JaB,PCA,400,0.177,0.403,0.151,"[0.25146, 0.42685, 0.11498, 0.04947, 0.005, 0.11885, 0.40221, 0.2663, 0.11983, 0.13747, 0.53472, 0.42235, 0.08497, 0.0325, 0.22198, 0.1953, 0.397, 0.07749, 0.0, 0.18814, 0.18616, 0.36233, 0.19664, 0.0, 0.37426, 0.23813, 0.14526, 0.36848000000000003, 0.0, 0.12164, 0.40516, 0.23782, 0.043300000000000005, 0.09664, 0.0025, 0.16664, 0.22970000000000002, 0.0, 0.27381, 0.32067, 0.0, 0.1208, 0.1633, 0.12482, 0.33935, 0.33122, 0.23614000000000002, 0.37722, 0.2988, 0.43851, 0.20365, 0.0972, 0.0, 0.40948, 0.0, 0.03605, 0.1658, 0.21267, 0.006500000000000001, 0.20081, 0.03314, 0.0, 0.0, 0.09833, 0.0, 0.052, 0.0, 0.0, 0.16648, 0.29881, 0.034140000000000004, 0.0, 0.07647, 0.20397, 0.0, 0.14915, 0.27075, 0.15948, 0.54392, 0.09749000000000001, 0.31996, 0.11331000000000001, 0.43293, 0.03615, 0.54373, 0.31515, 0.58874, 0.22746, 0.2378, 0.0, 0.17696, 0.13816, 0.25399, 0.17833000000000002, 0.09913, 0.0, 0.13634000000000002, 0.0, 0.14069, 0.0025]"
ionosphere,JaB,PCA,500,0.181,0.402,0.153,"[0.20146, 0.3835, 0.11498, 0.0, 0.11963, 0.14214, 0.11783, 0.25797, 0.13747, 0.40654, 0.43033, 0.46733, 0.03497, 0.0325, 0.13698, 0.11608, 0.39867, 0.1953, 0.18714, 0.0, 0.36983, 0.18915, 0.0, 0.38092, 0.25032, 0.21876, 0.23828, 0.13165, 0.36848000000000003, 0.0, 0.40516, 0.21314, 0.028310000000000002, 0.043300000000000005, 0.09664, 0.24067, 0.31833, 0.22453, 0.0, 0.16998, 0.1208, 0.005, 0.09482, 0.21781, 0.16496, 0.46417, 0.17300000000000001, 0.37722, 0.33881, 0.40171, 0.0912, 0.20615, 0.11415, 0.02415, 0.21267, 0.40448, 0.0, 0.006500000000000001, 0.20414, 0.0, 0.0, 0.11735, 0.0025, 0.0, 0.0, 0.13982, 0.0025, 0.04398, 0.18548, 0.2788, 0.03331, 0.20397, 0.0, 0.38575, 0.14414, 0.13798, 0.56451, 0.0, 0.08081, 0.15948, 0.36997, 0.11214, 0.24363, 0.55206, 0.4751, 0.24948, 0.37067, 0.0, 0.5897, 0.05947, 0.17696, 0.24632, 0.14648, 0.14331, 0.25151, 0.22665000000000002, 0.0, 0.0408, 0.0, 0.0]"
ionosphere,JaB,PCA,600,0.187,0.403,0.152,"[0.2558, 0.36571, 0.14314, 0.11415, 0.12134, 0.0, 0.25863, 0.12166, 0.13914, 0.41321, 0.32793, 0.4665, 0.18814, 0.03497, 0.39867, 0.22198, 0.20597000000000001, 0.0025, 0.11146, 0.24125, 0.18616, 0.36804, 0.19881000000000001, 0.2591, 0.0, 0.37891, 0.0, 0.2315, 0.38015, 0.17793, 0.043300000000000005, 0.16831000000000002, 0.21998, 0.11049, 0.0, 0.40182, 0.43135, 0.005, 0.19497, 0.27067, 0.005, 0.06816, 0.16247, 0.35587, 0.11914, 0.33681, 0.37822, 0.46481, 0.23177, 0.23614000000000002, 0.05933, 0.0, 0.40948, 0.11415, 0.20532, 0.0075, 0.24267, 0.006500000000000001, 0.24914, 0.0, 0.04483, 0.0, 0.09882, 0.04398, 0.0025, 0.0, 0.02082, 0.16648, 0.0, 0.29881, 0.03331, 0.18649, 0.19548000000000001, 0.15247, 0.0, 0.42949, 0.0, 0.56188, 0.16949, 0.07582, 0.34997, 0.5334, 0.17214000000000002, 0.24363, 0.45509, 0.27948, 0.1828, 0.29332, 0.59019, 0.0, 0.11196, 0.24732, 0.26067, 0.28235, 0.13816, 0.0, 0.0408, 0.22582, 0.0, 0.0025]"
ionosphere,JaB,PCA,700,0.187,0.398,0.154,"[0.1998, 0.34433, 0.11985, 0.024980000000000002, 0.25863, 0.40221, 0.0, 0.22247, 0.23415, 0.14648, 0.31395, 0.504, 0.13813, 0.18714, 0.12699, 0.397, 0.20597000000000001, 0.0025, 0.03497, 0.11758, 0.18616, 0.36232000000000003, 0.27613, 0.12664, 0.0, 0.23703, 0.37092, 0.0, 0.38015, 0.12832, 0.40516, 0.21081, 0.24253, 0.02232, 0.043300000000000005, 0.16165, 0.09330000000000001, 0.0, 0.52951, 0.31401, 0.024980000000000002, 0.21781, 0.38954, 0.16247, 0.37722, 0.1208, 0.06816, 0.37019, 0.23205, 0.43083, 0.0, 0.03788, 0.01, 0.40448, 0.006500000000000001, 0.24267, 0.20365, 0.1058, 0.0, 0.2458, 0.04483, 0.11398, 0.0, 0.005, 0.0025, 0.09865, 0.17882, 0.0, 0.0, 0.17864, 0.03331, 0.0, 0.18649, 0.14998, 0.18897, 0.0, 0.56564, 0.38675, 0.16949, 0.07581, 0.34997, 0.14297, 0.45943, 0.35165, 0.5334, 0.1178, 0.2638, 0.58952, 0.30066, 0.0175, 0.17446, 0.22582, 0.24732, 0.24067, 0.14648, 0.0, 0.29653, 0.1008, 0.0, 0.0075]"
ionosphere,JaB,PCA,800,0.187,0.399,0.155,"[0.25980000000000003, 0.34433, 0.0, 0.12736, 0.25863, 0.01998, 0.40221, 0.12214, 0.13747, 0.11833, 0.26555, 0.46253, 0.08497, 0.0445, 0.397, 0.13698, 0.12097000000000001, 0.0025, 0.11608, 0.18814, 0.18616, 0.379, 0.23703, 0.0, 0.0, 0.12881, 0.30113, 0.12164, 0.38015, 0.37926, 0.40082, 0.13453, 0.043300000000000005, 0.19664, 0.16165, 0.21164, 0.02232, 0.0, 0.27067, 0.43953, 0.0, 0.10816, 0.0358, 0.35568, 0.16247, 0.39838, 0.37822, 0.22114, 0.30944, 0.46314, 0.40948, 0.112, 0.20698, 0.0075, 0.16497, 0.0, 0.006500000000000001, 0.0, 0.24267, 0.2458, 0.04833, 0.0025, 0.10314, 0.0, 0.17365, 0.16382, 0.0, 0.0, 0.005, 0.29864, 0.18649, 0.03331, 0.0, 0.0, 0.18897, 0.14998, 0.57544, 0.39091, 0.16949, 0.07581, 0.34997, 0.11131, 0.35399, 0.50847, 0.56638, 0.2638, 0.58883, 0.1828, 0.0175, 0.31878, 0.13816, 0.15698, 0.26084, 0.25399, 0.22332, 0.0, 0.29653, 0.1008, 0.0, 0.0025]"
ionosphere,JaB,PCA,900,0.184,0.395,0.153,"[0.34433, 0.20163, 0.01998, 0.04497, 0.12736, 0.0, 0.37138, 0.22247, 0.2653, 0.11833, 0.26555, 0.46253, 0.03497, 0.10032, 0.12699, 0.12097000000000001, 0.11925, 0.397, 0.18814, 0.0025, 0.18616, 0.0, 0.36233, 0.19381, 0.38015, 0.17697, 0.27992, 0.37426, 0.0, 0.13165, 0.39516, 0.043300000000000005, 0.16815, 0.21164, 0.021650000000000003, 0.19664, 0.24253, 0.24067, 0.43831, 0.0, 0.005, 0.1208, 0.10816, 0.08247, 0.39921, 0.21781, 0.25094, 0.37722, 0.36519, 0.4305, 0.12492, 0.0, 0.20698, 0.0075, 0.40782, 0.10497000000000001, 0.29932000000000003, 0.03314, 0.0, 0.2383, 0.04833, 0.005, 0.0, 0.17815, 0.10898000000000001, 0.09865, 0.0, 0.0, 0.29364, 0.0, 0.03331, 0.0, 0.2048, 0.14497, 0.0, 0.18897, 0.39451, 0.08365, 0.07581, 0.58221, 0.34997, 0.11131, 0.45943, 0.57222, 0.6170100000000001, 0.35232, 0.23947000000000002, 0.1728, 0.0175, 0.24363, 0.15531, 0.14565, 0.25715, 0.26084, 0.29653, 0.1008, 0.22332, 0.0, 0.0, 0.0025]"
ionosphere,JaB,PCA,1000,0.188,0.395,0.154,"[0.1998, 0.33933, 0.10998, 0.2653, 0.0, 0.13747, 0.11985, 0.23832, 0.04947, 0.37138, 0.2518, 0.10032, 0.46233, 0.03497, 0.2043, 0.05699, 0.397, 0.18814, 0.11608, 0.0025, 0.37733, 0.18782000000000001, 0.29078, 0.37926, 0.0, 0.12881, 0.2078, 0.13566, 0.37848, 0.0, 0.40516, 0.16648, 0.13103, 0.20081, 0.0, 0.021650000000000003, 0.04164, 0.24901, 0.43917, 0.19664, 0.005, 0.03497, 0.34686, 0.22781, 0.10816, 0.38421, 0.3411, 0.16164, 0.37722, 0.43481000000000003, 0.27243, 0.1058, 0.0075, 0.0, 0.20698, 0.40948, 0.005, 0.0, 0.32626, 0.24080000000000001, 0.04904, 0.10898000000000001, 0.0, 0.0025, 0.11981, 0.0, 0.16815, 0.29364, 0.0, 0.0, 0.08997000000000001, 0.20397, 0.01667, 0.0, 0.14497, 0.25797, 0.39479, 0.07581, 0.58263, 0.16699, 0.34997, 0.51611, 0.11131, 0.33181, 0.56638, 0.5897, 0.26947, 0.18946, 0.24529, 0.0175, 0.05198, 0.14565, 0.26082, 0.25984, 0.22332, 0.0, 0.29665, 0.02748, 0.0, 0.09913]"
ionosphere,J+aB,PCA,100,0.119,0.311,0.137,"[0.0175, 0.36988, 0.27768, 0.11498, 0.20297, 0.124, 0.18663000000000002, 0.015, 0.14057, 0.25081, 0.13209, 0.08497, 0.54264, 0.0, 0.0305, 0.0, 0.31051, 0.19814, 0.31322, 0.19481, 0.0735, 0.0, 0.11233, 0.03559, 0.10783, 0.0, 0.08832, 0.28734, 0.13165, 0.42191, 0.0, 0.0075, 0.0, 0.0, 0.12081, 0.09664, 0.33416, 0.22154000000000001, 0.18942, 0.044, 0.005, 0.0, 0.27574, 0.17129, 0.0, 0.44842, 0.15898, 0.025, 0.0, 0.31068, 0.02667, 0.0, 0.033, 0.02, 0.33365, 0.0, 0.0, 0.0, 0.1058, 0.25382, 0.0, 0.0, 0.35751, 0.0, 0.02, 0.07717, 0.0, 0.024, 0.0, 0.1135, 0.0, 0.09414, 0.07649, 0.0, 0.0, 0.16398000000000001, 0.01, 0.11581, 0.42723, 0.0075, 0.0075, 0.24431, 0.30795, 0.30585, 0.13382, 0.21497, 0.57639, 0.0025, 0.08399, 0.0, 0.032, 0.0, 0.20815, 0.0225, 0.17416, 0.0025, 0.0, 0.1008, 0.0, 0.0]"
ionosphere,J+aB,PCA,200,0.166,0.399,0.152,"[0.18998, 0.25663, 0.44184, 0.18548, 0.38415, 0.034980000000000004, 0.0, 0.49884, 0.28297, 0.06115, 0.1287, 0.11647, 0.32633, 0.0, 0.42481, 0.08497, 0.39867, 0.07832, 0.0, 0.25314, 0.21153, 0.15259, 0.364, 0.015, 0.19664, 0.08332, 0.36825, 0.34182, 0.0, 0.22899, 0.21247, 0.16414, 0.41716, 0.19664, 0.0, 0.0, 0.42168, 0.35087, 0.04164, 0.21331, 0.21564, 0.0025, 0.10066, 0.0, 0.08247, 0.32528, 0.38068, 0.06686, 0.34435, 0.3835, 0.0, 0.1658, 0.09449, 0.005, 0.20282, 0.01, 0.40865, 0.0, 0.16767, 0.07915, 0.02315, 0.09731000000000001, 0.0, 0.12382, 0.057, 0.0, 0.0, 0.0, 0.0, 0.19014, 0.034140000000000004, 0.2298, 0.0, 0.0, 0.26532, 0.13997, 0.0763, 0.08698, 0.54127, 0.01998, 0.034140000000000004, 0.29847, 0.30515000000000003, 0.39862, 0.23948, 0.46854, 0.03615, 0.55731, 0.1245, 0.0, 0.20946, 0.0265, 0.24732, 0.13899, 0.0, 0.18665, 0.14415, 0.09913, 0.0, 0.0]"
ionosphere,J+aB,PCA,300,0.161,0.401,0.156,"[0.27064, 0.43351, 0.01998, 0.10064000000000001, 0.50804, 0.04815, 0.042300000000000004, 0.0445, 0.0, 0.27297, 0.0, 0.44212, 0.46865, 0.0835, 0.0587, 0.21081, 0.08497, 0.18881, 0.40539000000000003, 0.0, 0.0, 0.36233, 0.20228000000000002, 0.36325, 0.08983000000000001, 0.08832, 0.34515, 0.05842, 0.0, 0.22483, 0.40082, 0.21414, 0.09414, 0.09664, 0.005, 0.24833, 0.04164, 0.0, 0.22853, 0.27462, 0.0025, 0.0, 0.33681, 0.21064, 0.38235, 0.294, 0.24398, 0.08413, 0.3845, 0.3233, 0.0, 0.02925, 0.41115, 0.09258, 0.005, 0.19447, 0.0, 0.1658, 0.0958, 0.16267, 0.03983, 0.0, 0.006500000000000001, 0.0, 0.0, 0.057, 0.07816000000000001, 0.0, 0.0, 0.21349, 0.03331, 0.22897, 0.0, 0.06298000000000001, 0.0, 0.38349, 0.17449, 0.52528, 0.13747, 0.07581, 0.03964, 0.31081, 0.42996, 0.50176, 0.24948, 0.20698, 0.197, 0.58911, 0.017, 0.0, 0.14648, 0.18113, 0.032170000000000004, 0.2679, 0.23082, 0.0, 0.11911000000000001, 0.10247, 0.0, 0.0]"
ionosphere,J+aB,PCA,400,0.171,0.397,0.155,"[0.25563, 0.27297, 0.0465, 0.39954, 0.12986, 0.43351, 0.058140000000000004, 0.01998, 0.09914, 0.0, 0.08497, 0.49712, 0.0, 0.397, 0.42202, 0.20147, 0.11616, 0.04564, 0.18814, 0.22198, 0.09616, 0.36804, 0.19664, 0.37182, 0.2369, 0.0, 0.0, 0.36725, 0.14526, 0.12164, 0.21898, 0.40516, 0.021650000000000003, 0.03997, 0.03164, 0.16664, 0.32167, 0.30309, 0.21453, 0.0, 0.0, 0.21147, 0.0025, 0.08496000000000001, 0.32334, 0.12232, 0.38898, 0.38139, 0.3355, 0.30742, 0.0, 0.40948, 0.07742, 0.0075, 0.1928, 0.1658, 0.03164, 0.25081, 0.16267, 0.0, 0.09583, 0.0, 0.006500000000000001, 0.0025, 0.0, 0.052, 0.0, 0.31514, 0.12148, 0.0, 0.034140000000000004, 0.0, 0.2048, 0.0, 0.06298000000000001, 0.14998, 0.27141, 0.16699, 0.5993, 0.07581, 0.31996, 0.31515, 0.45496, 0.53338, 0.11915, 0.5882000000000001, 0.24948, 0.18865, 0.0, 0.0195, 0.1503, 0.25232, 0.13816, 0.10049000000000001, 0.18333, 0.28331, 0.0, 0.0, 0.1008, 0.0]"
ionosphere,J+aB,PCA,500,0.166,0.381,0.149,"[0.11797, 0.09914, 0.024980000000000002, 0.25780000000000003, 0.40685, 0.0, 0.1145, 0.10997, 0.25563, 0.37954, 0.11466, 0.32132, 0.11030000000000001, 0.13198000000000001, 0.0325, 0.39867, 0.18881, 0.0, 0.50483, 0.03497, 0.09616, 0.0, 0.12881, 0.3715, 0.12164, 0.36848000000000003, 0.12606, 0.37749, 0.0, 0.15025, 0.21231, 0.021650000000000003, 0.39516, 0.0983, 0.16997, 0.0, 0.21382, 0.30276000000000003, 0.09664, 0.24167, 0.0, 0.03497, 0.19647, 0.3355, 0.12482, 0.16413, 0.37722, 0.37383, 0.15325, 0.43898, 0.04923, 0.11415, 0.0, 0.40948, 0.0075, 0.005, 0.20615, 0.0, 0.10566, 0.10081, 0.04083, 0.0, 0.029810000000000003, 0.0025, 0.09865, 0.0025, 0.19548000000000001, 0.0, 0.0, 0.28714, 0.03331, 0.2048, 0.0, 0.14998, 0.0, 0.13298000000000001, 0.16699, 0.26699, 0.53991, 0.10582, 0.44912, 0.34997, 0.1013, 0.58992, 0.34665, 0.11947, 0.50269, 0.27032, 0.0, 0.19198, 0.17946, 0.24815, 0.14648, 0.18665, 0.1008, 0.12884, 0.0, 0.14331, 0.0, 0.0]"
ionosphere,J+aB,PCA,600,0.179,0.387,0.15,"[0.1213, 0.21914, 0.20063, 0.1225, 0.36517, 0.26196, 0.11498, 0.14314, 0.39954, 0.0, 0.0, 0.46865, 0.09115000000000001, 0.03497, 0.31553, 0.25814, 0.1953, 0.11592, 0.13698, 0.39867, 0.36983, 0.18616, 0.12881, 0.0, 0.15025, 0.22523, 0.36848000000000003, 0.0, 0.21832000000000001, 0.37849, 0.21898, 0.005, 0.17164000000000001, 0.043300000000000005, 0.40582, 0.24167, 0.30809, 0.09664, 0.15253, 0.0, 0.005, 0.0025, 0.21147, 0.34418, 0.37822, 0.3325, 0.06816, 0.16413, 0.43481000000000003, 0.23077, 0.05786, 0.0075, 0.0, 0.20615, 0.0, 0.40948, 0.1658, 0.005, 0.244, 0.25081, 0.02315, 0.0025, 0.09882, 0.04398, 0.005, 0.0, 0.0, 0.0, 0.12148, 0.31381, 0.18649, 0.034140000000000004, 0.0, 0.1913, 0.38582, 0.15247, 0.5542900000000001, 0.16949, 0.0, 0.07582, 0.17214000000000002, 0.34997, 0.45759, 0.29332, 0.2678, 0.18946, 0.53213, 0.26249, 0.0, 0.59019, 0.14648, 0.0653, 0.0, 0.18665, 0.25051, 0.25232, 0.0408, 0.0, 0.28331, 0.0]"
ionosphere,J+aB,PCA,700,0.178,0.396,0.152,"[0.39587, 0.024980000000000002, 0.14214, 0.36517, 0.11897, 0.09914, 0.18063, 0.0, 0.23982, 0.26196, 0.29197, 0.504, 0.20147, 0.11425, 0.03497, 0.13198000000000001, 0.13813, 0.397, 0.0, 0.18881, 0.10615000000000001, 0.35816, 0.12881, 0.37849, 0.19176, 0.0, 0.11748, 0.0, 0.13661, 0.36848000000000003, 0.21081, 0.40082, 0.043300000000000005, 0.09664, 0.0, 0.1162, 0.021650000000000003, 0.16165, 0.32167, 0.43981, 0.005, 0.19564, 0.0358, 0.06816, 0.1633, 0.37722, 0.38416, 0.43481000000000003, 0.35514, 0.26643, 0.05786, 0.40865, 0.0, 0.20615, 0.0075, 0.10747, 0.005, 0.0, 0.2458, 0.29899, 0.02315, 0.10898000000000001, 0.0, 0.005, 0.09882, 0.0075, 0.0, 0.0, 0.17898, 0.29364, 0.03331, 0.15081, 0.18649, 0.0, 0.0, 0.38341000000000003, 0.19047, 0.54062, 0.16699, 0.07581, 0.34997, 0.45592, 0.51345, 0.11214, 0.59094, 0.27515, 0.24249, 0.2338, 0.1828, 0.0175, 0.1503, 0.24732, 0.14648, 0.0408, 0.0, 0.18582, 0.28331, 0.23134, 0.0, 0.0]"
ionosphere,J+aB,PCA,800,0.182,0.395,0.151,"[0.14231, 0.39954, 0.01665, 0.26063000000000003, 0.30447, 0.1145, 0.0, 0.26196, 0.12636, 0.09914, 0.08949, 0.46797, 0.18881, 0.08497, 0.22198, 0.10842, 0.397, 0.26846, 0.0, 0.11030000000000001, 0.0, 0.37967, 0.12881, 0.19176, 0.19783, 0.37848, 0.37726, 0.13661, 0.0, 0.21832000000000001, 0.39482, 0.21164, 0.03997, 0.16165, 0.09482, 0.14986, 0.32167, 0.0, 0.48825, 0.19664, 0.0, 0.03497, 0.21564, 0.10816, 0.0833, 0.37383, 0.37722, 0.35568, 0.23177, 0.46481, 0.09167, 0.0, 0.20698, 0.40948, 0.0, 0.1658, 0.005, 0.0, 0.244, 0.18831, 0.0, 0.04483, 0.0025, 0.11398, 0.09865, 0.005, 0.12398, 0.0, 0.0, 0.29864, 0.18649, 0.03331, 0.0, 0.25547, 0.0, 0.15081, 0.38516, 0.55614, 0.07581, 0.16949, 0.11214, 0.34997, 0.2638, 0.52271, 0.44912, 0.34665, 0.59076, 0.1828, 0.0175, 0.24249, 0.15531, 0.13816, 0.25715, 0.25068, 0.18665, 0.0, 0.1008, 0.28331, 0.0075, 0.0]"
ionosphere,J+aB,PCA,900,0.176,0.39,0.152,"[0.12636, 0.21914, 0.18063, 0.01998, 0.34433, 0.0, 0.27197, 0.30838, 0.04497, 0.115, 0.26388, 0.20147, 0.03497, 0.11508, 0.42202, 0.08949, 0.12699, 0.397, 0.18714, 0.0, 0.19116, 0.364, 0.0, 0.13661, 0.37848, 0.12664, 0.37226, 0.23509, 0.0, 0.13165, 0.40082, 0.21164, 0.021650000000000003, 0.09664, 0.043300000000000005, 0.23253000000000001, 0.16332, 0.0, 0.43863, 0.24167, 0.005, 0.22114, 0.0358, 0.10816, 0.16247, 0.38954, 0.26852, 0.38139, 0.33431, 0.43381000000000003, 0.09167, 0.005, 0.0, 0.02417, 0.40948, 0.20698, 0.29933, 0.0, 0.1058, 0.09497, 0.05499, 0.11898, 0.09865, 0.005, 0.0, 0.0025, 0.0, 0.16898, 0.0, 0.28864, 0.03331, 0.21814, 0.0, 0.0, 0.1458, 0.19147, 0.38491000000000003, 0.08365, 0.56367, 0.07581, 0.34997, 0.11214, 0.50496, 0.52313, 0.59076, 0.34665, 0.23947000000000002, 0.1178, 0.24363, 0.0175, 0.05198, 0.14648, 0.24915, 0.25568, 0.22582, 0.0, 0.0, 0.0408, 0.28331, 0.0]"
ionosphere,J+aB,PCA,1000,0.181,0.389,0.15,"[0.11447, 0.12636, 0.0, 0.36588, 0.024980000000000002, 0.21914, 0.27197, 0.23832, 0.18063, 0.33933, 0.12292, 0.11146, 0.20926, 0.20597000000000001, 0.03497, 0.11699, 0.397, 0.45186, 0.0, 0.18214, 0.19116, 0.379, 0.12881, 0.37726, 0.0, 0.25968, 0.24509, 0.37848, 0.0, 0.12164, 0.40182, 0.04247, 0.21164, 0.09664, 0.02248, 0.16665, 0.24253, 0.43407, 0.0, 0.24167, 0.005, 0.03497, 0.22114, 0.21316000000000002, 0.15997, 0.3433, 0.33631, 0.37722, 0.21852, 0.38898, 0.0, 0.107, 0.20698, 0.40948, 0.005, 0.0, 0.0, 0.1058, 0.30232000000000003, 0.09664, 0.04583, 0.10981, 0.0, 0.09865, 0.0, 0.0025, 0.17898, 0.0, 0.0, 0.29364, 0.03331, 0.0, 0.2048, 0.19047, 0.15948, 0.15081, 0.0, 0.38951, 0.55658, 0.07581, 0.34997, 0.11214, 0.54379, 0.44912, 0.34665, 0.26947, 0.1828, 0.59076, 0.24249, 0.023, 0.04531, 0.14565, 0.25318, 0.18665, 0.0075, 0.26082, 0.28331, 0.09913, 0.0, 0.0]"
breastw,JaB,PCA,100,0.159,0.36,0.14,"[0.0, 0.02222, 0.18394, 0.08633, 0.16948, 0.01092, 0.08728, 0.27952, 0.28603, 0.41376, 0.29084, 0.00917, 0.0, 0.14424, 0.045720000000000004, 0.20519, 0.1295, 0.0025, 0.28636, 0.323, 0.16819, 0.13397, 0.27189, 0.06014, 0.22467, 0.00944, 0.35303, 0.40612, 0.33126, 0.19813, 0.00489, 0.05976, 0.00375, 0.13348, 0.0, 0.00364, 0.12462000000000001, 0.08731, 0.52645, 0.27119, 0.0, 0.01625, 0.17577, 0.0, 0.0075, 0.18558, 0.21172, 0.09918, 0.26375, 0.40875, 0.0, 0.29684, 0.19627, 0.34364, 0.49555, 0.03971, 0.06168, 0.11928, 0.32269, 0.19502, 0.12963, 0, 0.0, 0.0, 0.09946, 0.36708, 0.27097, 0.36212, 0, 0.32208, 0.18819, 0.11529, 0.20535, 0.35974, 0.03188, 0.04883, 0.16426, 0.39113, 0.05377, 0.24304, 0, 0.005, 0.03152, 0.24979, 0.04842, 0.25247, 0.00875, 0.14755000000000001, 0.09773, 0.02347, 0.14301, 0.05441, 0.22739, 0.25662, 0.23410999999999998, 0.48345, 0.42647, 0.00125, 0.0, 0.09643]"
breastw,JaB,PCA,200,0.167,0.324,0.118,"[0.06564, 0.11132, 0.20851, 0.18394, 0.34, 0.42305, 0.29723, 0.14865, 0.13732, 0.0, 0.029140000000000003, 0.01847, 0.0938, 0.12249, 0.0, 0.12976000000000001, 0.02945, 0.18036, 0.31651, 0.34332, 0.22769, 0.09372, 0.16699, 0.18586, 0.03812, 0.10493, 0.10308, 0.31101, 0.26146, 0.33298, 0.02897, 0.08795, 0.08831, 0.29707, 0.14859, 0.28554, 0.0, 0.08729, 0.26846, 0.28497, 0.23557999999999998, 0.0, 0.01625, 0.00375, 0.2332, 0.0, 0.18502, 0.14173, 0.07815, 0.10593999999999999, 0.31515, 0.0, 0.20844, 0.16697, 0.31239, 0.15288, 0.13203, 0.25184, 0.29739, 0.19177, 0.28492, 0.05361, 0.0, 0.38183, 0.17335, 0.00375, 0.09271, 0.03492, 0.35443, 0.35968, 0.11145, 0.11925, 0.42465, 0.25096, 0.09296, 0.39113, 0.24667, 0.10023, 0.07213, 0.1761, 0, 0.043660000000000004, 0.067, 0.06112, 0.27555, 0.07469, 0.21772, 0.07722, 0.1105, 0.25093, 0.32258000000000003, 0.12667, 0.425, 0.22966999999999999, 0.30441, 0.1414, 0.2307, 0.0, 0.29886, 0.14395]"
breastw,JaB,PCA,300,0.181,0.34,0.121,"[0.18573, 0.2069, 0.14253, 0.12828, 0.19166, 0.31124, 0.29955, 0.23444, 0.45181, 0.0, 0.10094, 0.08288, 0.045720000000000004, 0.11157, 0.12741, 0.13551, 0.1717, 0.0, 0.32149, 0.20815, 0.27123, 0.11608, 0.29359, 0.18035, 0.17594, 0.048960000000000004, 0.14044, 0.26573, 0.31252, 0.33788, 0.04694, 0.10822, 0.36118, 0.14257, 0.31957, 0.21073, 0.23185, 0.003, 0.32202000000000003, 0.26607, 0.04348, 0.22282, 0.0, 0.00375, 0.0, 0.19541, 0.23345, 0.00819, 0.18411, 0.00375, 0.2941, 0.0, 0.19277, 0.25207, 0.16557, 0.18548, 0.14198, 0.42982, 0.07592, 0.20231, 0.30647, 0.18113, 0.15798, 0.4009, 0.02558, 0.10388, 0.28297, 0.12699, 0.36143000000000003, 0.36347, 0.12082999999999999, 0.29959, 0.10932, 0.42752, 0.39113, 0.08852, 0.12686, 0.06612, 0.15832000000000002, 0.23443, 0.043660000000000004, 0.0547, 0.0, 0.09687, 0.09089, 0.32897, 0.09976, 0.2616, 0.08031, 0.21479, 0.24823, 0.26826, 0.22648, 0.46547, 0.2972, 0.05846, 0.01554, 0.10004, 0.023049999999999998, 0.3863]"
breastw,JaB,PCA,400,0.18,0.351,0.119,"[0.20986, 0.12948, 0.13688, 0.11404, 0.18129, 0.46666, 0.21418, 0.1225, 0.33726, 0.15209, 0.22612, 0.08232, 0.0439, 0.05656, 0.02514, 0.09499, 0.15541, 0.11651, 0.34909, 0.20771, 0.05165, 0.29724, 0.2145, 0.13879, 0.19458999999999999, 0.15365, 0.04889, 0.26146, 0.24856, 0.32085, 0.06343, 0.11122, 0.30536, 0.19594, 0.41259, 0.28258, 0.00462, 0.2087, 0.25659, 0.30534, 0.0025, 0.04216, 0.21588, 0.16570000000000001, 0.03216, 0.0, 0.23162, 0.17762, 0.01376, 0.0499, 0.29773, 0.0, 0.18934, 0.34426, 0.37051, 0.13271, 0.21178, 0.17907, 0.09965, 0.14746, 0.33273, 0.21679, 0.052629999999999996, 0.07843, 0.38553, 0.24494, 0.14199, 0.17523, 0.37256, 0.36347, 0.12211999999999999, 0.11749, 0.06514, 0.1406, 0.05439, 0.39162, 0.11781, 0.39205, 0.15934, 0.25008, 0.0, 0.12323, 0.03975, 0.12719, 0.32155, 0.12343, 0.043660000000000004, 0.0785, 0.28714, 0.09541, 0.29282, 0.28621, 0.05846, 0.30354, 0.47389000000000003, 0.2261, 0.11423, 0.4108, 0.03594, 0.01332]"
breastw,JaB,PCA,500,0.182,0.351,0.12,"[0.12341, 0.18129, 0.16949999999999998, 0.11772, 0.08183, 0.34672, 0.23310999999999998, 0.08613, 0.20525, 0.44402, 0.09548, 0.07671, 0.05656, 0.05936, 0.14132, 0.10071, 0.15579, 0.20456, 0.3338, 0.0, 0.27224, 0.07442, 0.21991, 0.28228, 0.1316, 0.15536, 0.16122, 0.25658, 0.32201, 0.19876, 0.06343, 0.10892, 0.12725, 0.41862, 0.15092, 0.29858, 0.0, 0.25707, 0.21554, 0.2759, 0.03064, 0.00679, 0.18872, 0.03216, 0.00625, 0.1694, 0.20358, 0.08103, 0.23337, 0.01376, 0.31808, 0.18684, 0.0, 0.33697, 0.20608, 0.41521, 0.14458, 0.1743, 0.15687, 0.09332, 0.31414, 0.40312, 0.24216, 0.24923, 0.17342, 0.00834, 0.10845, 0.36143000000000003, 0.20538, 0.34621, 0.12112, 0.12173, 0.1208, 0.08796, 0.39349, 0.1815, 0.07323, 0.11831, 0.39323, 0.2515, 0.0, 0.12553, 0.043660000000000004, 0.14094, 0.13758, 0.34974, 0.03975, 0.27389, 0.07698, 0.09565, 0.39811, 0.26896, 0.22282, 0.31773, 0.48659, 0.06189, 0.11828999999999999, 0.1023, 0.4108, 0.04179]"
breastw,JaB,PCA,600,0.179,0.35,0.12,"[0.11557, 0.12695, 0.21281, 0.09604, 0.12797, 0.34359, 0.22177, 0.43734, 0.015, 0.19091, 0.02141, 0.09862, 0.10521, 0.08454, 0.05656, 0.0, 0.15734, 0.33476, 0.20582, 0.13494, 0.27327, 0.17409, 0.07871, 0.25759, 0.26118, 0.18787, 0.16468, 0.09592, 0.20415, 0.31791, 0.0824, 0.11122, 0.15239, 0.20614, 0.37219, 0.22601, 0.29892, 0.0, 0.26646, 0.18377, 0.04326, 0.0, 0.21141, 0.01713, 0.23263, 0.0075, 0.17564, 0.17729999999999999, 0.09215, 0.05181, 0.32314, 0.0, 0.15664, 0.34803, 0.19376, 0.09035, 0.39103, 0.16602, 0.14746, 0.08787, 0.31414, 0.04051, 0.20641, 0.41818, 0.24756, 0.20493, 0.157, 0.15454, 0.32124, 0.34044, 0.40066, 0.10096, 0.07388, 0.07464, 0.12263, 0.11613, 0.12741, 0.39328, 0.26546, 0.17366, 0.1229, 0.0, 0.043660000000000004, 0.11989999999999999, 0.07937, 0.12739, 0.03999, 0.41721, 0.27259, 0.08743, 0.22249, 0.26976, 0.10515, 0.11712, 0.47701, 0.41171, 0.31524, 0.06405, 0.00222, 0.41002]"
breastw,JaB,PCA,700,0.181,0.346,0.115,"[0.18025, 0.1964, 0.10283, 0.21191000000000002, 0.36506, 0.1065, 0.26275, 0.40166, 0.17077, 0.03498, 0.0, 0.09741, 0.08955, 0.0863, 0.34558, 0.11067, 0.0, 0.14409, 0.15627, 0.20902, 0.27327, 0.07728, 0.19895, 0.17282999999999998, 0.09908, 0.16122, 0.20835, 0.14367, 0.32597, 0.23342, 0.13444, 0.10892, 0.12093, 0.10013, 0.29814, 0.00962, 0.42084, 0.26473, 0.22636, 0.18775, 0.04293, 0.0, 0.20103, 0.17014, 0.03777, 0.00625, 0.09153, 0.17461, 0.22587, 0.07572, 0.31461, 0.17871, 0.0, 0.32143, 0.21029, 0.09035, 0.18548, 0.10029, 0.19065, 0.39571, 0.32562, 0.28614, 0.2542, 0.08088, 0.37853, 0.12181, 0.20887, 0.17309, 0.34224, 0.34787, 0.1214, 0.14253, 0.12173, 0.09479, 0.39485, 0.0698, 0.10589, 0.39328, 0.17504, 0.25309, 0.0, 0.13488, 0.03999, 0.046990000000000004, 0.34088, 0.08665, 0.1189, 0.27422, 0.12488, 0.07680000000000001, 0.26609, 0.22195, 0.2662, 0.4845, 0.3146, 0.06322, 0.10429, 0.23619, 0.01957, 0.4108]"
breastw,JaB,PCA,800,0.184,0.345,0.115,"[0.16988999999999999, 0.14107, 0.05631, 0.13593, 0.25896, 0.42487, 0.26916, 0.3617, 0.1863, 0.16507, 0.0, 0.08454, 0.09206, 0.09764, 0.1582, 0.14682, 0.1174, 0.0, 0.20902, 0.32149, 0.27359, 0.07761, 0.26806, 0.17914, 0.14714, 0.19124, 0.20702, 0.24243, 0.10289, 0.32559, 0.12912, 0.13966, 0.19456, 0.10928, 0.43666, 0.29629, 0.23375, 0.00962, 0.26607, 0.18578, 0.04293, 0.06117, 0.19003, 0.0025, 0.013219999999999999, 0.22587, 0.18186, 0.17478, 0.08103, 0.04772, 0.31737, 0.0, 0.18777, 0.33149, 0.21383, 0.41646, 0.08950999999999999, 0.12231, 0.18418, 0.13229, 0.35013, 0.12245, 0.12903, 0.28414, 0.38952, 0.23061, 0.16236, 0.34454, 0.34224, 0.20019, 0.12344, 0.12227, 0.12851, 0.09812, 0.39205, 0.38305, 0.11781, 0.23829, 0.16584, 0.08356, 0.043660000000000004, 0.0, 0.14947, 0.12192, 0.32242, 0.02162, 0.0886, 0.28384, 0.09291, 0.07680000000000001, 0.27237, 0.27034, 0.47106000000000003, 0.22209, 0.3146, 0.11712, 0.07851, 0.40379, 0.17024, 0.00222]"
breastw,JaB,PCA,900,0.185,0.345,0.113,"[0.09914, 0.13958, 0.12797, 0.3559, 0.25587, 0.40812, 0.26431, 0.11873, 0.16507, 0.18597, 0.0075, 0.09788, 0.08454, 0.053829999999999996, 0.15852, 0.14399, 0.34654, 0.14437, 0.0, 0.20672, 0.07871, 0.27073, 0.20676, 0.15138, 0.24161, 0.14714, 0.12759, 0.23342, 0.22936, 0.32597, 0.20374, 0.10676, 0.18884, 0.44169, 0.18818000000000001, 0.26062, 0.30569, 0.10908, 0.25579, 0.22166, 0.04959, 0.03091, 0.18631999999999999, 0.01608, 0.19849, 0.07853, 0.17843, 0.22587, 0.08103, 0.03046, 0.07643, 0.21936, 0.0, 0.41308, 0.31737, 0.07864, 0.1221, 0.2791, 0.05974, 0.19058, 0.32455, 0.38817, 0.15514, 0.28472, 0.23159, 0.1216, 0.20374, 0.18157, 0.34044, 0.34454, 0.11896, 0.13089, 0.38122, 0.099, 0.10066, 0.09812, 0.11781, 0.39216, 0.16737, 0.25389, 0.12192, 0.0, 0.043660000000000004, 0.13257, 0.32431, 0.07678, 0.03999, 0.28823, 0.07680000000000001, 0.10207, 0.26962, 0.31627, 0.47968, 0.32253, 0.22359, 0.14051, 0.11401, 0.05096, 0.39074, 0.02082]"
breastw,JaB,PCA,1000,0.184,0.335,0.111,"[0.16822, 0.36576, 0.11846, 0.21227000000000001, 0.12676, 0.10617, 0.18629, 0.28958, 0.41811, 0.23771, 0.09755, 0.0, 0.06885, 0.07947, 0.18295, 0.0, 0.15524, 0.3338, 0.14556, 0.20231, 0.27226, 0.08923, 0.25843, 0.15162, 0.15587, 0.21898, 0.27638, 0.22655999999999998, 0.17774, 0.32559, 0.23145, 0.10892, 0.13216, 0.07555, 0.30523, 0.07816000000000001, 0.39877, 0.26031, 0.25615, 0.21511, 0.01804, 0.04959, 0.16471, 0.013219999999999999, 0.22988, 0.06071, 0.20462, 0.1781, 0.08903, 0.00375, 0.2406, 0.31773, 0.0, 0.12664, 0.07836, 0.21334, 0.37735, 0.13057, 0.05974, 0.19205, 0.32464, 0.21107, 0.33311999999999997, 0.09885, 0.37481, 0.15265, 0.20693, 0.16186999999999999, 0.34224, 0.3106, 0.09812, 0.12945, 0.37342, 0.12499, 0.12193999999999999, 0.08134, 0.39241, 0.12597, 0.16737, 0.25398, 0.11432, 0.0, 0.043660000000000004, 0.16282, 0.05691, 0.09203, 0.33117, 0.28613, 0.07704, 0.10207, 0.26644, 0.26189, 0.31834, 0.46853, 0.22457, 0.13466, 0.09308, 0.05655, 0.38697, 0.06548999999999999]"
breastw,J+aB,PCA,100,0.165,0.364,0.145,"[0.1856, 0.00364, 0.02472, 0.16998, 0.08633, 0.28358, 0.28603, 0.27952, 0.41101, 0, 0.34985, 0.0, 0.04243, 0.00917, 0.32328, 0.1023, 0.17791, 0.14174, 0.0025, 0.28576, 0.29843, 0.16361, 0.00819, 0.0564, 0.13453, 0.35389, 0.223, 0.1894, 0.40456, 0.33114, 0.00364, 0.05869, 0.10361, 0.00375, 0.0, 0.08417, 0.24075, 0.12462000000000001, 0.55904, 0.26389, 0.0, 0.17664, 0.01625, 0.0, 0.21172, 0.00625, 0.09951, 0.18718, 0.25569, 0.17571, 0.00125, 0.28252, 0.0472, 0.0, 0.19627, 0.33919, 0.48985, 0.11689000000000001, 0.32269, 0.19455, 0.0, 0.13001000000000001, 0.08241, 0.36812, 0.2713, 0.0, 0.09946, 0, 0.3187, 0.36402, 0.11565, 0.18819, 0.050640000000000004, 0.27409, 0.39203, 0.39113, 0.00375, 0.01222, 0.1461, 0.25937, 0, 0, 0.030270000000000002, 0.005, 0.04842, 0.28161, 0.14755000000000001, 0.20923, 0.09589, 0.02347, 0.44281000000000004, 0.45304, 0.22739, 0.48829, 0.29398, 0.0075, 0.25354, 0.10254, 0.0, 0.00125]"
breastw,J+aB,PCA,200,0.165,0.324,0.119,"[0.10382, 0.04258, 0.22928, 0.1376, 0.33494999999999997, 0.14972, 0.16576, 0.40217, 0.29723, 0.006, 0.12213, 0.14654, 0.00375, 0.07821, 0.06134, 0.17913, 0.34332, 0.02945, 0.01972, 0.31443, 0.09396, 0.24862, 0.21624, 0.05758, 0.16837, 0.24206, 0.02593, 0.30727, 0.22433, 0.33843, 0.06103, 0.02921, 0.08897, 0.18212, 0.28814, 0.28447, 0.0, 0.37882, 0.17003, 0.28035, 0.0, 0.18941, 0.23296, 0.0, 0.0, 0.00375, 0.1412, 0.07839, 0.17468, 0.24802, 0.30609, 0.24652, 0.0, 0.2101, 0.06283, 0.08483, 0.24814, 0.121, 0.18253, 0.21498, 0.28485, 0.37846, 0.05361, 0.0, 0.0025, 0.16774, 0.09307, 0.0, 0.3368, 0.32225, 0.061880000000000004, 0.11953, 0.43789, 0.09394, 0.21914, 0.39113, 0.17986, 0.10071000000000001, 0.15829000000000001, 0.25435, 0, 0.05465, 0.07475, 0.043660000000000004, 0.25655, 0.23505, 0.22757, 0.05597, 0.07722, 0.09474, 0.25709, 0.27428, 0.22966999999999999, 0.30488, 0.41931, 0.27302, 0.13821, 0.00625, 0.2307, 0.0]"
breastw,J+aB,PCA,300,0.172,0.342,0.122,"[0.16581, 0.15359, 0.18037, 0.29812, 0.44631, 0.28885, 0.12558, 0.12898, 0.0, 0.16519, 0.04156, 0.06662, 0.12797, 0.33035, 0.0434, 0.17538, 0.09237, 0.0, 0.09393, 0.20658, 0.27025, 0.07613, 0.048960000000000004, 0.26118, 0.26872, 0.03545, 0.26477, 0.15533, 0.27108, 0.32974, 0.11047, 0.23218, 0.31004, 0.18487, 0.04097, 0.35573, 0.21203, 0.0, 0.25934, 0.27493, 0.011439999999999999, 0.22653, 0.0, 0.18509, 0.0, 0.18481, 0.1752, 0.00375, 0.0, 0.00819, 0.29113, 0.0, 0.20745, 0.1416, 0.13195, 0.0998, 0.4082, 0.24087999999999998, 0.18667, 0.0686, 0.30822, 0.03458, 0.16836, 0.39327, 0.08704, 0.22445, 0.15317, 0.10166, 0.34754, 0.36405, 0.12111, 0.1253, 0.42937000000000003, 0.26924, 0.39277, 0.09236, 0.12873, 0.11781, 0.15832000000000002, 0.23599, 0.0, 0.08366, 0.09976, 0.023049999999999998, 0.043660000000000004, 0.3412, 0.2576, 0.19565, 0.08067, 0.09161, 0.27271, 0.22648, 0.27044, 0.02019, 0.47015, 0.00625, 0.30108, 0.39619, 0.10004, 0.05179]"
breastw,J+aB,PCA,400,0.176,0.362,0.12,"[0.10754, 0.19891999999999999, 0.07234, 0.21459, 0.14197, 0.2148, 0.37271, 0.17176, 0.17815, 0.45422, 0.1179, 0.06734, 0.22091, 0.04423, 0.3187, 0.11484, 0.0, 0.15598, 0.20765, 0.05656, 0.03783, 0.19929, 0.27399, 0.20573, 0.04922, 0.12671, 0.18473, 0.14959999999999998, 0.32035, 0.26237, 0.04336, 0.14262, 0.11155, 0.28814, 0.34601, 0.01379, 0.29919, 0.22667, 0.25136, 0.26484, 0.13774, 0.0025, 0.03064, 0.02855, 0.0, 0.21632, 0.17861, 0.21512, 0.0, 0.0418, 0.0, 0.29034, 0.1985, 0.24853, 0.20662, 0.15564, 0.16328, 0.09465, 0.40158, 0.14371, 0.33448, 0.15793, 0.10328999999999999, 0.38721, 0.17591, 0.20328, 0.10854, 0.14119, 0.36143000000000003, 0.36347, 0.1224, 0.14279, 0.38107, 0.17407999999999998, 0.050679999999999996, 0.11831, 0.39349, 0.03981, 0.17532, 0.24105, 0.0, 0.043660000000000004, 0.023049999999999998, 0.10105, 0.33807, 0.11143, 0.08963, 0.0785, 0.27493, 0.09661, 0.41948, 0.26987, 0.2256, 0.46398, 0.30453, 0.11412, 0.03594, 0.40185, 0.02139, 0.00222]"
breastw,J+aB,PCA,500,0.176,0.345,0.122,"[0.24941, 0.02462, 0.34513, 0.08003, 0.13694, 0.44023, 0.14024, 0.08042, 0.23335, 0.27975, 0.046220000000000004, 0.06809, 0.0865, 0.05656, 0.3217, 0.15435000000000001, 0.1001, 0.14549, 0.0, 0.20458, 0.28206, 0.13633, 0.14313, 0.05317, 0.2196, 0.17493999999999998, 0.25337, 0.23342, 0.19958, 0.32633, 0.04336, 0.18495, 0.10892, 0.0611, 0.0, 0.29501, 0.47228, 0.22341, 0.22858, 0.25659, 0.0, 0.03064, 0.02306, 0.17157, 0.04216, 0.21367, 0.19771, 0.15696, 0.0499, 0.0, 0.0, 0.31916, 0.31126, 0.18331, 0.16566, 0.196, 0.40909, 0.15614, 0.09332, 0.11952, 0.25185, 0.28468, 0.39484, 0.12542999999999999, 0.00834, 0.27048, 0.16023, 0.34623, 0.19035, 0.30935, 0.12193999999999999, 0.38207, 0.11831, 0.12269000000000001, 0.39177, 0.16172, 0.07264, 0.08902, 0.16811, 0.23994, 0.0, 0.11289, 0.36223, 0.11889, 0.043660000000000004, 0.12058, 0.0, 0.28547, 0.07698, 0.08794, 0.32838, 0.22421, 0.27203, 0.03958, 0.32033, 0.11984, 0.4727, 0.02139, 0.40691, 0.01554]"
breastw,J+aB,PCA,600,0.179,0.35,0.119,"[0.09604, 0.12232, 0.10303999999999999, 0.048510000000000005, 0.1635, 0.41996, 0.34558, 0.26431, 0.21012, 0.2117, 0.09825, 0.20523, 0.09681, 0.00625, 0.34909, 0.05954, 0.05656, 0.0, 0.13494, 0.15648, 0.07603, 0.26583, 0.15036, 0.20291, 0.18573, 0.28239, 0.23292, 0.11134, 0.32083, 0.08255, 0.0734, 0.1785, 0.19882, 0.11155, 0.29383, 0.36769, 0.23494, 0.2589, 0.18204, 0.00462, 0.22666, 0.03016, 0.00625, 0.0025, 0.03097, 0.17429, 0.17304, 0.03188, 0.09489, 0.23263, 0.32312, 0.0, 0.18342, 0.09035, 0.33534, 0.1986, 0.16269, 0.09037, 0.385, 0.17287, 0.31115, 0.24655, 0.26264, 0.06513, 0.39554, 0.11439, 0.16104, 0.34329, 0.205, 0.35918, 0.12290999999999999, 0.40586, 0.09497, 0.2055, 0.1179, 0.0754, 0.39252, 0.07775, 0.17532, 0.26485, 0.0, 0.0, 0.38535, 0.11427, 0.046990000000000004, 0.11786, 0.08794, 0.08031, 0.27003, 0.12842, 0.30551, 0.486, 0.22388, 0.27409, 0.095, 0.31341, 0.21769, 0.00222, 0.41002, 0.02139]"
breastw,J+aB,PCA,700,0.176,0.349,0.118,"[0.18466, 0.10331, 0.08026, 0.08003, 0.20668, 0.34359, 0.12667, 0.2696, 0.3883, 0.18709, 0.0, 0.36244, 0.20992, 0.14487, 0.0, 0.08631, 0.08916, 0.16001, 0.09512, 0.11076, 0.27363, 0.19303, 0.1398, 0.32035, 0.07502, 0.16884, 0.20842, 0.26118, 0.04513, 0.14306, 0.12932, 0.10892, 0.29699, 0.06058, 0.00962, 0.23818, 0.18253, 0.17287, 0.43752, 0.26444, 0.04293, 0.20525, 0.21944, 0.0, 0.00625, 0.04777, 0.09465, 0.15422, 0.01376, 0.17479, 0.3154, 0.28645, 0.1541, 0.0, 0.20312, 0.16028, 0.35546, 0.07724, 0.19038, 0.07206, 0.34258, 0.27698, 0.38061, 0.05301, 0.26056, 0.33439, 0.12195, 0.16050999999999999, 0.21055, 0.34794, 0.12193999999999999, 0.11897, 0.12637, 0.39031, 0.09618, 0.39205, 0.11879, 0.16737, 0.07827, 0.23993, 0.0, 0.12087, 0.046990000000000004, 0.00875, 0.34712, 0.08994, 0.07791000000000001, 0.27444, 0.12225, 0.09044, 0.38463, 0.27349, 0.22256, 0.46444, 0.17159, 0.30822, 0.05358, 0.01138, 0.40691, 0.01347]"
breastw,J+aB,PCA,800,0.177,0.341,0.117,"[0.08628, 0.11064, 0.12759, 0.058730000000000004, 0.25052, 0.39248, 0.20947, 0.1644, 0.23652, 0.37367, 0.08412, 0.20909, 0.16146, 0.07631, 0.14392, 0.33509, 0.06983, 0.14368, 0.0, 0.0, 0.27206, 0.16999999999999998, 0.15092, 0.07526, 0.20553, 0.20675, 0.09783, 0.21697, 0.32509, 0.25789, 0.10326, 0.19049, 0.29753, 0.44823, 0.08075, 0.11007, 0.23578, 0.25934, 0.19589, 0.00462, 0.0025, 0.18609, 0.013219999999999999, 0.06135, 0.04126, 0.09177, 0.23296, 0.16897, 0.17712, 0.01376, 0.30347, 0.0, 0.12762, 0.3016, 0.23424, 0.08468, 0.12693, 0.12243, 0.36814, 0.19038, 0.34116, 0.22809000000000001, 0.11029, 0.39512, 0.13416, 0.31633, 0.20282, 0.17105, 0.34194, 0.33887, 0.12272999999999999, 0.12054, 0.12679, 0.39052, 0.11879, 0.39241, 0.09479, 0.07942, 0.16584, 0.23969, 0.0, 0.11979000000000001, 0.043660000000000004, 0.00875, 0.31473, 0.07731, 0.28759, 0.05166, 0.13822, 0.09044, 0.26953, 0.27385, 0.47103, 0.31232, 0.22101, 0.01138, 0.06418, 0.11684, 0.40034000000000003, 0.0435]"
breastw,J+aB,PCA,900,0.178,0.335,0.114,"[0.12231, 0.23786, 0.12759, 0.23354, 0.42238, 0.08628, 0.10714, 0.25114, 0.15599, 0.36307, 0.33476, 0.07821, 0.0, 0.14341, 0.0, 0.05455, 0.09346, 0.15142, 0.14487, 0.20992, 0.22206, 0.14213, 0.18537, 0.22694, 0.1577, 0.27262, 0.08971, 0.23342, 0.31869, 0.12863, 0.10952, 0.20419, 0.13695, 0.40356000000000003, 0.13944, 0.29917, 0.01879, 0.22763, 0.23711, 0.2504, 0.04293, 0.01304, 0.18905, 0.08168, 0.18368, 0.22563, 0.013219999999999999, 0.08127, 0.17762, 0.00375, 0.0, 0.31148, 0.24482, 0.06547, 0.39808, 0.0839, 0.21085, 0.19133, 0.07724, 0.1177, 0.06513, 0.32491, 0.39111, 0.3029, 0.13487, 0.21994, 0.18419, 0.34149, 0.20909, 0.30868, 0.09975, 0.12193999999999999, 0.38062, 0.12681, 0.12123, 0.09479, 0.39252, 0.12514, 0.16584, 0.25287, 0.0, 0.04166, 0.13308, 0.023049999999999998, 0.12632, 0.30388, 0.10026, 0.08013, 0.28764, 0.08939, 0.30847, 0.27249, 0.22298, 0.46741, 0.0941, 0.00625, 0.29814, 0.15528, 0.39443, 0.01347]"
breastw,J+aB,PCA,1000,0.177,0.343,0.116,"[0.38952, 0.16892, 0.05961, 0.16305, 0.41302, 0.28528, 0.17908, 0.114, 0.11064, 0.23354, 0.09788, 0.07821, 0.15551, 0.14225, 0.34909, 0.20267, 0.14682, 0.05324, 0.0, 0.0, 0.20045, 0.21793, 0.27036, 0.08971, 0.26906, 0.15047, 0.16587, 0.32559, 0.22655999999999998, 0.15122, 0.22352, 0.06058, 0.43185, 0.12945, 0.10981, 0.30043, 0.01879, 0.26159, 0.20916, 0.2504, 0.06571, 0.04293, 0.01304, 0.16504, 0.17479, 0.013219999999999999, 0.21944, 0.18335, 0.07327, 0.0, 0.0, 0.31594, 0.12762, 0.23893, 0.23265, 0.0535, 0.38732, 0.12204, 0.02672, 0.19205, 0.09885, 0.32496, 0.16501, 0.37351, 0.32926, 0.11461, 0.15213, 0.21149, 0.30534, 0.34229, 0.15864, 0.11988, 0.09729, 0.37708, 0.12193999999999999, 0.39252, 0.12562, 0.1754, 0.08044, 0.25489, 0.13047, 0.023049999999999998, 0.0, 0.2949, 0.043660000000000004, 0.08463, 0.29082, 0.11668, 0.07698, 0.08939, 0.27109, 0.25714, 0.46192, 0.31636, 0.22524, 0.13793, 0.10005, 0.01138, 0.38697, 0.049569999999999996]"
wine,JaB,PCA,100,0.172,0.539,0.223,"[0, 0.0, 0, 0, 0.01, 0.6442, 0.0, 0.0, 0.18, 0.10587, 0.08085, 0.08335000000000001, 0.30335, 0, 0.013340000000000001, 0.2575, 0.0, 0.54637, 0.0, 0.29167, 0, 0.63236, 0, 0, 0.31001, 0.0, 0, 0.0, 0.0, 0.37838, 0.36922, 0, 0, 0, 0.03601, 0, 0.34434, 0, 0.29052, 0, 0.24167, 0.64462, 0.17557, 0.0, 0.34487, 0.295, 0.6414, 0.45885, 0.53923, 0.01633, 0.0, 0.05502, 0.15283, 0.53303, 0.0, 0.0, 0.02333, 0.0, 0.26466, 0.0, 0.57055, 0.50085, 0.44834, 0, 0, 0, 0.285, 0.13136, 0.0, 0, 0.18167, 0.54004, 0.32, 0, 0, 0, 0.81678, 0, 0.03389, 0.03, 0.323, 0, 0.09672, 0.03, 0, 0, 0.09216, 0.67586, 0.29, 0.0, 0.28, 0, 0, 0.28501, 0.0, 0.52001, 0.22504000000000002, 0.7835, 0.47139000000000003, 0]"
wine,JaB,PCA,200,0.158,0.511,0.211,"[0.0, 0, 0.0, 0.0, 0.5919, 0.0, 0.16835, 0.008, 0.10587, 0, 0.033350000000000005, 0, 0.3625, 0, 0.25721, 0.04002, 0.26584, 0.021670000000000002, 0.54386, 0.0, 0, 0.63153, 0, 0, 0.17171, 0.31334, 0.0075, 0.0, 0.0, 0.05, 0.0915, 0.14922000000000002, 0.008, 0, 0.04834, 0.013340000000000001, 0, 0, 0.17002, 0, 0.08667, 0.0, 0.0375, 0.32002, 0.295, 0.40057, 0.6312, 0.53723, 0.57556, 0.07467, 0, 0.28533000000000003, 0.07503, 0.0, 0.0, 0.0, 0.24357, 0.21386, 0.07466, 0.23918, 0.49919, 0.50301, 0, 0.44734, 0.053, 0.28667, 0, 0.0, 0, 0, 0, 0.32, 0.006670000000000001, 0.0, 0, 0.50835, 0, 0.03389, 0.32, 0.82512, 0.45971, 0, 0, 0.25, 0, 0, 0.275, 0.0, 0.024, 0.58588, 0.28, 0.26753, 0, 0.0, 0.00909, 0.24501, 0.10001, 0.0, 0.77878, 0.53139]"
wine,JaB,PCA,300,0.171,0.52,0.214,"[0, 0.013340000000000001, 0.0, 0.54107, 0, 0, 0.0, 0.0, 0.18, 0.10587, 0, 0.06168, 0.422, 0.255, 0.20002, 0.18935, 0.31167, 0.27837, 0, 0.0, 0, 0.63553, 0.26086, 0, 0, 0.065, 0.026680000000000002, 0.0, 0.11002, 0.35001, 0.016, 0.14922000000000002, 0, 0, 0.013340000000000001, 0.36423, 0.30834, 0, 0.17002, 0, 0.0, 0.295, 0.08799, 0.32668, 0.40557, 0, 0.55305, 0.6312, 0.6025200000000001, 0.18967, 0.0, 0.36783, 0, 0, 0.0, 0.21386, 0.0385, 0.0, 0.44829, 0.02583, 0.63251, 0.63585, 0.44984, 0, 0, 0, 0.0, 0.12636, 0, 0.29834, 0.32, 0.0, 0.52054, 0.0, 0.008329999999999999, 0.006670000000000001, 0, 0.28002, 0.05055, 0.82511, 0.40971, 0.25, 0, 0, 0.008, 0, 0.2785, 0, 0.20569, 0.33488, 0.02, 0, 0.255, 0.25919, 0.52001, 0.0, 0.76713, 0.0, 0.0, 0.46889000000000003]"
wine,JaB,PCA,400,0.167,0.523,0.21,"[0, 0.41157, 0.12834, 0.0, 0, 0, 0.0075, 0.0, 0.18, 0.10587, 0, 0.15351, 0.47332, 0.27, 0.20002, 0, 0.21873, 0.0075, 0.006670000000000001, 0.27837, 0, 0.2775, 0.55071, 0, 0.31001, 0, 0.026680000000000002, 0.08502, 0.13670000000000002, 0.0, 0.024, 0, 0.14922000000000002, 0, 0.03767, 0.013340000000000001, 0, 0.30834, 0.1767, 0, 0.0075, 0.6105700000000001, 0.32668, 0.59169, 0.6272, 0.55305, 0.24299, 0.02001, 0.295, 0, 0.13968, 0.0, 0.025, 0.35886, 0.0385, 0.26466, 0.0, 0.0, 0.015, 0.0, 0.63751, 0.62919, 0, 0.44501, 0, 0, 0.28667, 0.053, 0, 0.0, 0.32, 0.11167, 0.0, 0.50885, 0.32, 0.03389, 0.0, 0, 0.0, 0.78503, 0, 0.25, 0, 0, 0.028, 0.34471, 0.2725, 0, 0.024, 0.57088, 0.015, 0.28, 0.26753, 0.255, 0.03, 0.52001, 0.0, 0.0, 0.77334, 0.3222]"
wine,JaB,PCA,500,0.16,0.461,0.205,"[0.01633, 0.41807, 0.0, 0.12834, 0, 0, 0.10587, 0.16835, 0.0, 0.0, 0, 0.20002, 0.08468, 0.10003000000000001, 0.45533, 0, 0.39965, 0.25501, 0.0075, 0.021670000000000002, 0, 0, 0.31001, 0.54471, 0.2775, 0, 0.04002, 0.18671000000000001, 0.0, 0.05, 0.084, 0.013340000000000001, 0.04517, 0, 0.008, 0.34434, 0, 0, 0.14922000000000002, 0.17002, 0.32668, 0.6105700000000001, 0.295, 0.0325, 0.6272, 0.0465, 0.23882, 0.55305, 0.59219, 0, 0.0, 0.0, 0.10503, 0.26466, 0.025, 0.0, 0.0385, 0.21386, 0.0, 0.015, 0.50751, 0.44667, 0, 0, 0, 0.59419, 0.0, 0.28667, 0, 0.13269, 0.32, 0, 0.39835, 0.0, 0.0, 0.0, 0, 0.32, 0.05246, 0.82015, 0.34136, 0.2785, 0, 0.25, 0, 0, 0.028, 0, 0.0, 0.33588, 0.02, 0.255, 0.26753, 0, 0.03, 0.0, 0.52001, 0.0, 0.77598, 0.44639]"
wine,JaB,PCA,600,0.163,0.478,0.205,"[0.01633, 0.17085, 0.55, 0.0, 0, 0, 0.0, 0.16835, 0.0, 0.10587, 0, 0.10568, 0.20002, 0.59405, 0.10003000000000001, 0, 0.27, 0.0, 0.40013, 0.021670000000000002, 0, 0.47442, 0.31001, 0, 0.28, 0.0, 0, 0.0, 0.095, 0.05, 0.084, 0.04517, 0.33834, 0, 0.33922, 0.013340000000000001, 0, 0.17002, 0, 0, 0.40057, 0.0, 0.32668, 0.295, 0.6572, 0, 0.56809, 0.23882, 0.56004, 0, 0.0, 0, 0.20968, 0.025, 0, 0.21386, 0.26466, 0.0385, 0.0, 0.015, 0.50751, 0.59419, 0.44667, 0, 0, 0, 0.0, 0.29834, 0.11268, 0, 0.32, 0.0, 0, 0.39885, 0.0, 0, 0, 0.16844, 0.81986, 0.32, 0.34971, 0, 0.25, 0, 0.02, 0.2785, 0, 0, 0.0, 0.33356, 0, 0.28, 0.26753, 0.255, 0.0, 0.52001, 0.0, 0.76834, 0.0, 0.30052]"
wine,JaB,PCA,700,0.161,0.461,0.204,"[0, 0.013340000000000001, 0.0, 0.58325, 0.0, 0, 0, 0.18, 0.0, 0.10587, 0, 0.45633, 0, 0.25501, 0.20002, 0.06968, 0.21855, 0.27837, 0.021670000000000002, 0.0, 0.65806, 0, 0.18671000000000001, 0, 0.13670000000000002, 0.31001, 0.0, 0.28, 0, 0.0, 0.43422, 0, 0.013340000000000001, 0, 0.0915, 0.13852, 0.06434000000000001, 0, 0, 0.17002, 0.295, 0.0, 0.55305, 0.40057, 0.65222, 0.32335, 0.25782, 0.0375, 0, 0.57219, 0.20668, 0, 0.0, 0.28969, 0.0385, 0.025, 0.0, 0.015, 0.17966000000000001, 0.0, 0.50751, 0.62919, 0, 0.44667, 0, 0, 0.28667, 0.0, 0.053, 0, 0.32, 0.41837, 0, 0.006670000000000001, 0.05246, 0.0, 0, 0.28002, 0, 0.76668, 0.34136, 0, 0.25, 0, 0, 0, 0.039, 0.2725, 0.0, 0.33356, 0.28, 0, 0.24919, 0.255, 0.0, 0.0, 0.0, 0.51002, 0.34889000000000003, 0.73333]"
wine,JaB,PCA,800,0.164,0.48,0.204,"[0, 0, 0.013340000000000001, 0.4766, 0.0, 0.0, 0.0375, 0, 0.0225, 0.18, 0, 0.09968, 0.25501, 0, 0.20002, 0.51307, 0.006670000000000001, 0.20024, 0.28303, 0.0, 0.65806, 0.31001, 0, 0, 0.008, 0.2775, 0.0, 0, 0.11002, 0.18671000000000001, 0.35422, 0, 0, 0.29155000000000003, 0.13852, 0, 0.013340000000000001, 0.34034, 0.1767, 0, 0.39724, 0.0075, 0.24299, 0.34335, 0.0375, 0.295, 0.55971, 0.6272, 0.55305, 0.026680000000000002, 0.0, 0.20968, 0.05502, 0.21969, 0.0, 0.17966000000000001, 0.24857, 0.0, 0, 0.015, 0.50751, 0.62919, 0.44667, 0, 0, 0, 0.061, 0.30167, 0.0, 0.008329999999999999, 0.32002, 0.39885, 0.0, 0, 0, 0, 0.0, 0.28002, 0.03389, 0.79097, 0.40971, 0.028, 0.25, 0, 0, 0, 0.2785, 0.0, 0, 0.33356, 0.02, 0.52001, 0.255, 0, 0.0, 0.26753, 0.0, 0.0, 0.7633300000000001, 0.3222]"
wine,JaB,PCA,900,0.159,0.507,0.204,"[0.013340000000000001, 0, 0.0075, 0.0, 0, 0.20791, 0, 0.18, 0.08586, 0.0, 0.21851, 0, 0.20002, 0.52283, 0.255, 0, 0.28303, 0.06909, 0.0, 0.006670000000000001, 0, 0.2775, 0, 0.0, 0.61454, 0.19471, 0, 0.008, 0.31001, 0.13670000000000002, 0, 0, 0.0915, 0.013340000000000001, 0, 0.14922000000000002, 0.33834, 0.04002, 0.20353000000000002, 0, 0.295, 0.32668, 0.10253000000000001, 0.55305, 0.24299, 0.40057, 0.013340000000000001, 0.6572, 0.5605600000000001, 0, 0.025, 0.0, 0.26117, 0.21386, 0, 0.0, 0.0385, 0.26466, 0.0, 0.0, 0.50751, 0.62919, 0, 0, 0.46652, 0.038, 0, 0.0, 0.29834, 0, 0.32, 0.006670000000000001, 0.41837, 0, 0, 0.0, 0, 0.31002, 0.03389, 0.7843100000000001, 0.34471, 0, 0, 0, 0.028, 0.25, 0, 0.28017, 0.0, 0.33356, 0.02, 0.015, 0.56253, 0.0, 0.0775, 0.255, 0.50669, 0.0, 0.77627, 0.29136]"
wine,JaB,PCA,1000,0.164,0.484,0.205,"[0, 0.0, 0, 0.0, 0.17085, 0, 0.0375, 0.0225, 0.17634, 0.18, 0, 0.27637, 0, 0.22767, 0.21855, 0.50405, 0.48172, 0.255, 0.0, 0, 0.32, 0.42504000000000003, 0.55653, 0.0, 0, 0, 0, 0.0, 0.13670000000000002, 0.26086, 0.35422, 0, 0.18352000000000002, 0, 0.084, 0.34434, 0.013340000000000001, 0.04002, 0, 0, 0.0325, 0.0375, 0.39724, 0.55305, 0.34668, 0.08799, 0.6572, 0.295, 0.5605600000000001, 0, 0.0, 0.21768, 0.28969, 0.025, 0, 0.0385, 0.0, 0.0, 0.0, 0.26466, 0, 0.44667, 0, 0.50751, 0.62919, 0, 0, 0.061, 0.29834, 0.0, 0.32, 0.006670000000000001, 0.0, 0.0, 0, 0, 0.39835, 0.28668, 0.78503, 0.03389, 0.45971, 0.25, 0.028, 0.2725, 0, 0, 0, 0, 0.33356, 0.0, 0.02, 0.255, 0.03, 0.0, 0.0, 0.26753, 0, 0.51002, 0.78378, 0.3222]"
wine,J+aB,PCA,100,0.162,0.528,0.228,"[0, 0.0, 0.18, 0.64016, 0.0, 0, 0.0, 0, 0, 0.34087, 0, 0.0, 0.0, 0.3, 0.25501, 0.037340000000000005, 0, 0.52637, 0.0075, 0.29, 0, 0, 0.2775, 0.31334, 0.0, 0.7289, 0.0, 0.0, 0, 0.36752, 0.36922, 0, 0, 0, 0, 0, 0.04834, 0.0, 0, 0, 0.295, 0.6472, 0.54136, 0.24167, 0.39987, 0.0, 0.55305, 0.0155, 0.45835, 0.04301, 0.0, 0.54554, 0.0, 0.24003, 0.06803000000000001, 0, 0, 0.07466, 0, 0.015, 0.63251, 0.49751, 0.02001, 0, 0, 0.44834, 0.13136, 0.0, 0, 0.285, 0.32, 0.0, 0.51969, 0, 0, 0.060020000000000004, 0, 0, 0, 0.8225, 0.253, 0.323, 0, 0, 0, 0, 0.0, 0.29, 0.0335, 0.70611, 0, 0.0, 0.0225, 0.39501000000000003, 0.51335, 0.0, 0.0, 0, 0.3572, 0.73549]"
wine,J+aB,PCA,200,0.145,0.457,0.205,"[0, 0.16552, 0.0, 0.0, 0, 0.18, 0, 0.10587, 0.0, 0.0, 0, 0.20858000000000002, 0.0, 0.02, 0.42167, 0, 0.08335000000000001, 0.255, 0.55303, 0.0, 0.71229, 0, 0, 0.0075, 0, 0.0, 0.32, 0.065, 0.0, 0.13670000000000002, 0.14922000000000002, 0.016, 0.09834, 0.04002, 0.04834, 0, 0, 0.031, 0, 0, 0.24299, 0.0, 0.32335, 0.40057, 0.29167, 0.53723, 0.006670000000000001, 0.57219, 0.04301, 0.6312, 0, 0, 0.20803, 0.0385, 0.0, 0.35886, 0, 0.07466, 0, 0.23168, 0.49919, 0.37251, 0, 0.44834, 0, 0, 0.0, 0.28667, 0.008, 0, 0.32, 0.006670000000000001, 0.50835, 0, 0, 0.0, 0, 0.025, 0.32, 0.82512, 0.45971, 0.253, 0, 0, 0.008, 0, 0.29, 0.024, 0, 0.33588, 0.02, 0, 0.08919, 0.255, 0.0, 0.0, 0.31001, 0.0, 0.78528, 0.4572]"
wine,J+aB,PCA,300,0.15,0.464,0.202,"[0, 0.0, 0.16835, 0, 0.17409, 0.0075, 0, 0.0, 0.0, 0.10587, 0.02, 0.58957, 0.28503, 0, 0, 0.27, 0.40112000000000003, 0.09002, 0.19968, 0.0, 0.0075, 0.54089, 0.0, 0, 0, 0.08502, 0, 0.35501, 0.095, 0.05, 0.14922000000000002, 0.008, 0.013340000000000001, 0, 0.26066, 0, 0, 0.04834, 0, 0.1767, 0.33, 0.0, 0.25782, 0, 0.40057, 0.62622, 0.55223, 0.295, 0.57501, 0.04301, 0.21026, 0, 0.016, 0, 0.21386, 0.0, 0.0, 0.26466, 0, 0.015, 0.63751, 0.49919, 0, 0, 0.44817, 0, 0.0, 0.038, 0.28667, 0, 0.32, 0.50337, 0.006670000000000001, 0.0, 0.0, 0, 0.28002, 0, 0.025, 0.8189, 0.45971, 0, 0.25, 0, 0, 0, 0, 0.29, 0.024, 0.16482, 0.0, 0, 0.31001, 0.255, 0.27419, 0.0, 0.0, 0.018090000000000002, 0.7321300000000001, 0.4222]"
wine,J+aB,PCA,400,0.153,0.424,0.197,"[0.0, 0.0, 0, 0, 0.03834, 0, 0.17501, 0.38741, 0.34087, 0, 0.422, 0, 0, 0.16108, 0.04968, 0.021670000000000002, 0.0, 0.27, 0.28503, 0.09002, 0, 0.31667, 0.04002, 0, 0.56472, 0, 0, 0.0, 0.05, 0.065, 0.14922000000000002, 0.024, 0.13852, 0, 0, 0.04834, 0, 0, 0.1767, 0, 0.0075, 0.25782, 0.55223, 0.32543, 0.295, 0.40057, 0.3075, 0.59219, 0.6272, 0.03468, 0, 0.07503, 0.34587, 0.23664, 0.0385, 0.0, 0.26466, 0.0, 0, 0.025, 0.50501, 0.62919, 0, 0.44667, 0.0, 0, 0, 0.053, 0.28667, 0, 0.32, 0.008329999999999999, 0.39337, 0.11167, 0, 0, 0.0, 0.32, 0.03389, 0.76929, 0.34471, 0, 0.25, 0.008, 0, 0, 0, 0.2785, 0.024, 0.33356, 0.02, 0, 0.03, 0.255, 0.51335, 0.24919, 0.0, 0.0, 0.71427, 0.23971]"
wine,J+aB,PCA,500,0.158,0.447,0.206,"[0.5666100000000001, 0.03834, 0, 0, 0.16835, 0.0, 0, 0.0, 0.0, 0.10587, 0, 0, 0.28503, 0.06968, 0.20002, 0.02, 0.45283, 0.27, 0.39965, 0.0, 0.63304, 0, 0, 0, 0, 0.32, 0.0, 0.0, 0.19671, 0.13670000000000002, 0, 0.14922000000000002, 0.084, 0, 0.04517, 0, 0, 0.1767, 0.33834, 0, 0.40057, 0.0075, 0.55305, 0.24299, 0.32668, 0, 0.295, 0.65622, 0, 0.59219, 0, 0.11526, 0.35886, 0.0385, 0.025, 0, 0.26466, 0.0, 0, 0.015, 0.37751, 0, 0, 0.62919, 0.0, 0, 0.44667, 0.12636, 0.28667, 0, 0.32002, 0.38885000000000003, 0.0, 0, 0, 0.32, 0, 0.06067, 0.03389, 0.82015, 0.34471, 0.25, 0, 0, 0, 0, 0.028, 0.2725, 0.0155, 0.33488, 0.02, 0.27419, 0, 0.24501, 0.0, 0.0, 0.0625, 0.51335, 0.77967, 0.34639000000000003]"
wine,J+aB,PCA,600,0.152,0.42,0.196,"[0, 0.0, 0, 0.0075, 0.18, 0.42007, 0, 0.013340000000000001, 0.0, 0.10587, 0.27, 0, 0.422, 0.20002, 0, 0.04968, 0, 0.0075, 0.10003000000000001, 0.39643, 0, 0.28, 0, 0.31334, 0.52653, 0, 0.18671000000000001, 0.0, 0.0, 0.13752, 0, 0.14922000000000002, 0.084, 0, 0, 0.14518, 0.33834, 0, 0.17002, 0, 0.0, 0.24299, 0.32668, 0.295, 0.40057, 0, 0.57141, 0.65622, 0.54968, 0, 0, 0.19608, 0.025, 0.21386, 0.0385, 0.0, 0.0, 0.26466, 0, 0.015, 0.37251, 0.62919, 0.44834, 0, 0, 0.0, 0, 0.038, 0.28167, 0, 0.32002, 0.0, 0.4197, 0, 0.0, 0, 0.31002, 0.07913, 0, 0.79022, 0.34471, 0.25, 0, 0, 0, 0.306, 0.028, 0, 0.015, 0.33356, 0.02, 0, 0.255, 0.24253, 0.31001, 0.0, 0.0, 0.0, 0.76834, 0.31971]"
wine,J+aB,PCA,700,0.151,0.449,0.196,"[0.18, 0.0, 0.41189, 0, 0.0075, 0.0, 0.10587, 0.03834, 0, 0, 0, 0, 0.09002, 0.46784000000000003, 0.57306, 0.04968, 0.27, 0.10003000000000001, 0, 0.0, 0, 0.52653, 0.2775, 0.32, 0.0, 0.0, 0, 0, 0.18671000000000001, 0.13670000000000002, 0.084, 0.14922000000000002, 0.08518, 0.34434, 0, 0, 0.013340000000000001, 0, 0.04002, 0.0, 0.03917, 0.32668, 0.40057, 0.295, 0.55305, 0.24299, 0.0375, 0.6312, 0.56104, 0.026680000000000002, 0, 0.10503, 0.0385, 0.35502, 0.0, 0, 0.025, 0.17966000000000001, 0, 0.025, 0.37251, 0.49919, 0.44667, 0, 0, 0, 0.0, 0.038, 0.28167, 0, 0.32, 0.0, 0.0, 0.30837, 0, 0, 0, 0.31002, 0.03389, 0.77168, 0.34471, 0, 0, 0.25, 0.028, 0.2785, 0, 0, 0.0, 0.33356, 0.02, 0.26753, 0, 0.255, 0.0, 0.51335, 0.0775, 0.0, 0.73334, 0.31971]"
wine,J+aB,PCA,800,0.162,0.453,0.202,"[0.013340000000000001, 0, 0, 0.0, 0.0, 0.18, 0, 0.10587, 0.5809300000000001, 0.0, 0, 0.19968, 0.09002, 0.5030600000000001, 0.0, 0, 0.42449000000000003, 0.0, 0.27, 0.25503, 0, 0.63304, 0, 0.2775, 0.0, 0.31334, 0.18671000000000001, 0.0, 0, 0.11002, 0.43422, 0, 0.29155000000000003, 0, 0.15834, 0, 0.03767, 0.006670000000000001, 0.17002, 0, 0.0325, 0.24299, 0.34668, 0.295, 0.40057, 0.6272, 0.54219, 0.0375, 0.55305, 0.02001, 0, 0.025, 0.18493, 0.0, 0.0385, 0, 0.21386, 0, 0.44805, 0.015, 0.37751, 0.49919, 0, 0, 0.44817, 0.08968, 0, 0.0, 0.28167, 0, 0.006670000000000001, 0.32002, 0.3897, 0, 0, 0.32, 0, 0.0, 0.0439, 0.79001, 0.34471, 0.25, 0, 0, 0.028, 0.306, 0, 0, 0.0, 0.33356, 0.255, 0, 0.02, 0.26753, 0.52001, 0.0, 0.0775, 0.0, 0.73423, 0.18967]"
wine,J+aB,PCA,900,0.154,0.47,0.198,"[0, 0.22791, 0, 0.0, 0, 0.16835, 0.10587, 0.013340000000000001, 0.0, 0.0075, 0.09968, 0.27, 0, 0.5030600000000001, 0.20024, 0, 0.22402, 0.25503, 0.021670000000000002, 0.0, 0.008, 0, 0.62873, 0.2775, 0, 0.0, 0.0, 0.31334, 0.19671, 0.13670000000000002, 0.084, 0.14922000000000002, 0, 0.006670000000000001, 0, 0.19185, 0, 0.33834, 0, 0.1767, 0.08299, 0.03917, 0.6105700000000001, 0.32335, 0.55305, 0.295, 0.6272, 0.54968, 0.0375, 0.03468, 0.0, 0.18493, 0.025, 0.21386, 0.0, 0.0385, 0.17966000000000001, 0, 0.025, 0, 0.49919, 0.50751, 0, 0.46652, 0, 0, 0.13136, 0.0, 0.30167, 0.008329999999999999, 0.006670000000000001, 0.32002, 0, 0.38837, 0.0, 0, 0.32, 0, 0.03389, 0.82001, 0, 0.45971, 0, 0.25, 0.028, 0, 0.28017, 0, 0.0, 0.33356, 0.02, 0.26753, 0, 0.255, 0.31001, 0.0, 0.0, 0.0, 0.77028, 0.18967]"
wine,J+aB,PCA,1000,0.154,0.464,0.197,"[0, 0.0, 0, 0, 0.41941, 0.0075, 0.10587, 0.0, 0.04417, 0.18, 0.51406, 0, 0.226, 0.20002, 0, 0.19967000000000001, 0.27, 0.26303, 0, 0.0, 0, 0, 0.0075, 0.0, 0.0, 0, 0.53512, 0.31334, 0.13670000000000002, 0.19671, 0.084, 0, 0, 0, 0.14922000000000002, 0.33834, 0.19685, 0.17002, 0, 0, 0.23882, 0.0325, 0.32668, 0.40057, 0.55305, 0.013340000000000001, 0.295, 0.6414, 0.54219, 0.02001, 0, 0.18493, 0.21386, 0.025, 0.0385, 0.0, 0, 0, 0.26466, 0.0, 0.50751, 0, 0.44984, 0.49919, 0, 0, 0.038, 0.0, 0.008329999999999999, 0.28167, 0.38837, 0.32668, 0, 0.0, 0.0, 0, 0, 0.31002, 0.00889, 0.76668, 0.45971, 0.25, 0, 0, 0.02, 0, 0.28017, 0, 0.0, 0.33356, 0.02, 0.26753, 0, 0.51335, 0.255, 0.0, 0.0, 0.0, 0.77923, 0.23971]"
wbc,JaB,PCA,100,0.153,0.356,0.155,"[0.0, 0.04762, 0.0, 0.0, 0.0, 0.08751, 0.09422, 0.06, 0.0, 0.25004, 0, 0.14938, 0.10953, 0, 0.13672, 0.25692, 0.20948, 0.53398, 0.0, 0.0475, 0.006670000000000001, 0.0275, 0.18815, 0.32784, 0.30227, 0.0, 0.0525, 0.22829, 0.13516, 0.15366, 0.12871, 0.43603000000000003, 0.055, 0.0, 0.0191, 0.164, 0.25094, 0.22944, 0.17253, 0.0, 0.1035, 0.13066, 0.02001, 0.16934, 0.19794, 0.027280000000000002, 0.57199, 0, 0.13911, 0.27799, 0.30477, 0.1515, 0.00571, 0.29532, 0.11695, 0.0, 0.36742, 0.35111, 0.0, 0.0, 0.15544, 0, 0.0, 0.59506, 0.0, 0.1915, 0.0, 0.1405, 0.178, 0.29177, 0.50364, 0.44108, 0.35268, 0, 0.0, 0.35436, 0.28163, 0.26833, 0, 0.34769, 0, 0.31059, 0.03576, 0.035, 0.050929999999999996, 0, 0.115, 0.04667, 0.44767, 0.12663, 0.05, 0.38865, 0.08109999999999999, 0.092, 0.21763000000000002, 0.30663, 0, 0.35073, 0.0, 0.46488]"
wbc,JaB,PCA,200,0.162,0.363,0.14,"[0.0, 0.0, 0.12753, 0.20395000000000002, 0.0, 0.11314, 0.08249, 0.0, 0.25362, 0.09422, 0.08913, 0.02067, 0.22294, 0.1308, 0, 0.53398, 0.27945, 0.15928, 0.0, 0.12382, 0.34387, 0.17052, 0.32784, 0.06914000000000001, 0.1854, 0.0, 0.19561, 0.0733, 0.23687, 0.12583, 0.23496, 0.0, 0.41831, 0.09915, 0.38038, 0.0, 0.24295, 0.31934, 0.164, 0.0, 0.24873, 0.16355, 0.20591, 0.42097, 0.02001, 0.12978, 0.0, 0.19794, 0.12498000000000001, 0.27853, 0.27198, 0.04051, 0.20594, 0.24757, 0.031420000000000003, 0.0, 0.10638, 0.39392, 0.0, 0.075, 0.17024, 0.15807, 0.0, 0.0, 0.54038, 0.2405, 0.178, 0.0, 0.07400000000000001, 0.3736, 0.26177, 0.28382, 0.10945, 0.35067, 0.36186, 0.0, 0.0, 0.28911000000000003, 0.0, 0.27332, 0.39753, 0.16979, 0, 0.32157, 0.41217, 0.11597, 0.035, 0.07831, 0.0, 0, 0.12309, 0.025, 0.0, 0.22107, 0.15195, 0.3235, 0.45304, 0.21596, 0, 0.27582]"
wbc,JaB,PCA,300,0.171,0.391,0.147,"[0.0, 0.0, 0.026680000000000002, 0.24565, 0.02855, 0.11314, 0.0, 0.08582000000000001, 0.26801, 0.0, 0.0525, 0.22365000000000002, 0.013999999999999999, 0.0, 0.53248, 0.20948, 0.26322, 0.0733, 0.0, 0.18668, 0.06052, 0.06914000000000001, 0.17089000000000001, 0.34665, 0.0, 0.1854, 0.24729, 0.06915, 0.13685, 0.19612000000000002, 0.49258, 0.08531, 0.39531, 0.10656, 0.23244, 0.0, 0.20063, 0.40245, 0.0, 0.39103, 0.25556, 0.19941, 0.17122, 0.030010000000000002, 0.19794, 0.0072699999999999996, 0.40564, 0.17218, 0.27799, 0.0, 0.20594, 0.21999, 0.27214, 0.147, 0.042, 0.2999, 0.12242, 0.36076, 0.0, 0.0, 0.14544, 0.0, 0.11396, 0.52278, 0.0, 0.0, 0.22309, 0.2405, 0.07400000000000001, 0.29227, 0.26895, 0.28359, 0.3855, 0.0, 0.0, 0.45937, 0.24306, 0.0, 0.2833, 0.10495, 0.045, 0.32757000000000003, 0.00571, 0.0, 0.26975, 0.07163, 0.33957, 0.08581, 0.0575, 0.09911, 0.025, 0.16695000000000002, 0.25013, 0.25132, 0.39494, 0.0, 0.3863, 0.45178, 0.30227, 0.45367999999999997]"
wbc,JaB,PCA,400,0.171,0.392,0.143,"[0.0, 0.0, 0.20566, 0.154, 0.0, 0.08582000000000001, 0.0, 0.02855, 0.0, 0.26197, 0.09413, 0.23165, 0.03, 0.2679, 0.0, 0.0215, 0.17278000000000002, 0.53248, 0.35589, 0.0, 0.26958, 0.05968, 0.34665, 0.16296, 0.0, 0.07914, 0.24016, 0.06915, 0.12583, 0.17562, 0.43331000000000003, 0.36558, 0.0, 0.06571, 0.0883, 0.24295, 0.20063, 0.40245, 0.40203, 0.0675, 0.18122, 0.25156, 0.19794, 0.030010000000000002, 0.11478000000000001, 0.50115, 0.20591, 0.0, 0.08601, 0.27853, 0.146, 0.2053, 0.0785, 0.04051, 0.34242, 0.23757, 0.27132, 0.26831, 0.0, 0.0, 0.15542, 0.14177, 0.01875, 0.0, 0.39621, 0.0, 0.18313000000000001, 0.07400000000000001, 0.21609, 0.21544, 0.28048, 0.27442, 0.0, 0.0, 0.35552, 0.46555, 0.045, 0.27332, 0.24306, 0.10954, 0.07164, 0.32157, 0.15938, 0.34667, 0.00571, 0.07163, 0.12528, 0.0, 0.08581, 0.08348, 0.15781, 0.07997, 0.39195, 0.0, 0.2764, 0.30622, 0.2343, 0.44101, 0.39612, 0.45888]"
wbc,JaB,PCA,500,0.177,0.368,0.14,"[0.0, 0.03855, 0.026680000000000002, 0.0, 0.0, 0.22312, 0.08582000000000001, 0.22564, 0.26539, 0.0, 0.0525, 0.0, 0.24665, 0.26522, 0.10371, 0.06663000000000001, 0.17278000000000002, 0.53248, 0.28215, 0.0, 0.31852, 0.06914000000000001, 0.1854, 0.24729, 0.15989, 0.33365, 0.0, 0.04, 0.19411, 0.15214, 0.10107, 0.0, 0.43831, 0.0883, 0.09021, 0.24295, 0.109, 0.38038, 0.40869, 0.0, 0.22179000000000001, 0.19122, 0.16934, 0.17102, 0.53132, 0.22827, 0.19794, 0.07388, 0.0, 0.27799, 0.20594, 0.036000000000000004, 0.29732, 0.27758, 0.15301, 0.23102, 0.06, 0.27072, 0.0, 0.36742, 0.14177, 0.0, 0.0, 0.2959, 0.24626, 0.32253, 0.45869, 0.1915, 0.23550000000000001, 0.020999999999999998, 0.09164, 0.27442, 0, 0.28382, 0.27634000000000003, 0.48589, 0.0, 0.2833, 0.21837, 0.0, 0.33657, 0.08581, 0.16274, 0.25976, 0.07164, 0.41217, 0.0, 0.0, 0.07163, 0.07748000000000001, 0.07997, 0.33389, 0.3235, 0.15781, 0.3738, 0.0, 0.45178, 0.16065000000000002, 0.18262, 0.23572]"
wbc,JaB,PCA,600,0.177,0.371,0.141,"[0.0, 0.08582000000000001, 0.0, 0.03655, 0.22564, 0.25606, 0.07043, 0.0, 0.27488, 0.0, 0.10163, 0.20948, 0.52998, 0.0733, 0.26522, 0.013999999999999999, 0.23165, 0.0, 0.18218, 0.0, 0.31852, 0.06914000000000001, 0.0, 0.33365, 0.04, 0.22988, 0.1854, 0.19736, 0.19411, 0.13414, 0.14746, 0.0, 0.0883, 0.3733, 0.1465, 0.43136, 0.24295, 0.05321, 0.38102, 0.0, 0.24373, 0.21339, 0.53786, 0.19794, 0.12601, 0.17218, 0.16934, 0.16728, 0.0, 0.27853, 0.20594, 0.27072, 0.189, 0.20001, 0.036000000000000004, 0.06, 0.34741, 0.22857, 0.34215, 0.0, 0.14177, 0.31836, 0.22218000000000002, 0.16205, 0.47468, 0.0, 0.29593, 0.0, 0.22379000000000002, 0.37104, 0.28025, 0.29979, 0.0, 0.0, 0.14018, 0.045, 0.39503, 0.21837, 0.2883, 0.045, 0.07164, 0.0, 0.33057, 0.01642, 0.0, 0.07163, 0.16957, 0.15532, 0.07831, 0.08348, 0.07997, 0.1528, 0.2518, 0.3528, 0.0, 0.37881, 0.27616, 0.27328, 0.50965, 0.4532]"
wbc,JaB,PCA,700,0.174,0.348,0.136,"[0.0, 0.0, 0.24661, 0.048, 0.17892, 0.20566, 0.0, 0.26572, 0.08582000000000001, 0.0, 0.10163, 0.02871, 0.23165, 0.0, 0.12382, 0.26522, 0.0, 0.06663000000000001, 0.46816, 0.20948, 0.06914000000000001, 0.32491, 0.29551, 0.32784, 0.0, 0.11073, 0.04, 0.24987, 0.15214, 0.19411, 0.23496, 0.0, 0.24294000000000002, 0.43136, 0.06571, 0.0, 0.0883, 0.40245, 0.32412, 0.1465, 0.19838, 0.14245, 0.25156, 0.00625, 0.15376, 0.27853, 0.08228, 0.53786, 0.17668, 0.19794, 0.27072, 0.21999, 0.21594, 0.0, 0.0, 0.147, 0.3116, 0.34741, 0.22857, 0.0, 0.16177, 0.36186, 0.18313000000000001, 0.20607, 0.29323, 0.04546, 0.0, 0.0, 0.21544, 0.50721, 0.28423, 0.30563, 0.39103, 0.21837, 0.0, 0.0, 0.2883, 0.14018, 0.1293, 0.0, 0.00571, 0.08164, 0.32757000000000003, 0.15492, 0.17979, 0.09163, 0.0, 0.13498, 0.21907, 0.08348, 0.14281, 0.07582, 0.31882, 0.17329, 0.35376, 0.40051000000000003, 0.0, 0.24393, 0.45362, 0.26397]"
wbc,JaB,PCA,800,0.176,0.369,0.142,"[0.0, 0.0, 0.22564, 0.25606, 0.17892, 0.0, 0.08249, 0.27619, 0.0, 0.0, 0.24665, 0.10163, 0.0215, 0.0, 0.0, 0.0883, 0.47597, 0.20948, 0.26522, 0.12382, 0.32491, 0.33365, 0.36883, 0.0, 0.19736, 0.06914000000000001, 0.1854, 0.04, 0.19411, 0.13614, 0.06571, 0.43831, 0.31418999999999997, 0.164, 0.08497, 0.26212, 0.0, 0.38038, 0.33101, 0.0, 0.53386, 0.26586, 0.21339, 0.06996000000000001, 0.19794, 0.17102, 0.17468, 0.0, 0.27853, 0.15728, 0.21096, 0.24257, 0.15301, 0.147, 0.0, 0.27214, 0.34248, 0.34741, 0.06, 0.0, 0.14177, 0.4002, 0.49136, 0.0, 0.22272, 0.0, 0.178, 0.21544, 0.0, 0.29622, 0.28423, 0.29979, 0.13218, 0.0, 0.0, 0.37102, 0.2833, 0.21837, 0.06284000000000001, 0.0, 0.08164, 0.15492, 0.32757000000000003, 0.00571, 0.08581, 0.09163, 0.18266, 0.12172000000000001, 0.0, 0.08348, 0.07997, 0.1528, 0.0, 0.23572, 0.16232, 0.5126499999999999, 0.2931, 0.40548, 0.3332, 0.45362]"
wbc,JaB,PCA,900,0.179,0.375,0.141,"[0.0, 0.0, 0.24565, 0.17892, 0.0, 0.22564, 0.06455, 0.08249, 0.0, 0.26539, 0.0525, 0.23165, 0.0, 0.013999999999999999, 0.26522, 0.0883, 0.20948, 0.39949, 0.0, 0.12382, 0.32491, 0.06914000000000001, 0.35511, 0.33365, 0.1854, 0.0, 0.19653, 0.04, 0.20411, 0.13414, 0.31418999999999997, 0.0, 0.0883, 0.3733, 0.164, 0.41996, 0.05321, 0.24295, 0.0, 0.37769, 0.21339, 0.16934, 0.25502, 0.24598, 0.19794, 0.53786, 0.0, 0.15728, 0.06996000000000001, 0.27799, 0.17632, 0.21096, 0.3116, 0.26632, 0.0, 0.34741, 0.147, 0.22857, 0.0, 0.06, 0.14177, 0.0, 0.40611, 0.0, 0.19275, 0.178, 0.0, 0.49137, 0.21544, 0.37522, 0.28048, 0.25689, 0.24302, 0.44213, 0.23037000000000002, 0.0, 0.0, 0.0, 0.2833, 0.11638, 0.33057, 0.08164, 0.0, 0.09163, 0.15776, 0.0, 0.20816, 0.11463, 0.08581, 0.12515, 0.07997, 0.15781, 0.14707, 0.32426, 0.40051000000000003, 0.24106, 0.50965, 0.0, 0.32115, 0.44962]"
wbc,JaB,PCA,1000,0.174,0.352,0.143,"[0.0, 0.0, 0.17892, 0.27325, 0.20566, 0.27786, 0.08249, 0.06455, 0.0, 0.0, 0.0, 0.20948, 0.05371, 0.065, 0.52398, 0.22665000000000002, 0.0733, 0.26522, 0.07881, 0.0, 0.28823, 0.11073, 0.19736, 0.32491, 0.34465, 0.06914000000000001, 0.0, 0.0, 0.13614, 0.20612, 0.24496, 0.0883, 0.0, 0.24295, 0.42164, 0.0, 0.164, 0.0, 0.3383, 0.39436, 0.25156, 0.13185, 0.17468, 0.19794, 0.21339, 0.53786, 0.06412, 0.0, 0.27799, 0.15728, 0.21096, 0.062, 0.22299, 0.036000000000000004, 0.27214, 0.0, 0.3116, 0.22857, 0.34741, 0.075, 0.14177, 0.020999999999999998, 0.4002, 0.49863, 0.0, 0.18313000000000001, 0.0, 0.22272, 0.21544, 0.2959, 0.27965, 0.25893, 0.14302, 0.0, 0.44489, 0.0, 0.21837, 0.0, 0.2833, 0.183, 0.07164, 0.32757000000000003, 0.15492, 0.09163, 0.03821, 0.03113, 0.18013, 0.0, 0.08581, 0.08348, 0.07997, 0.15781, 0.14707, 0.0, 0.30142, 0.23572, 0.40051000000000003, 0.33928, 0.5126499999999999, 0.4532]"
wbc,J+aB,PCA,100,0.139,0.335,0.14,"[0.0, 0.04762, 0.16761, 0.0, 0.19079, 0.02855, 0.0, 0.0, 0.06, 0.25008, 0.14738, 0.21592, 0.1308, 0.10953, 0, 0, 0.092, 0.5154299999999999, 0.0, 0.035, 0.006670000000000001, 0.0275, 0.32334, 0.10806, 0.13976, 0.0, 0.31977, 0.14347000000000001, 0.25483, 0.116, 0.22944, 0.0, 0.055, 0.25053, 0.12871, 0.0191, 0.164, 0.25094, 0.0, 0.12025999999999999, 0.20204, 0.1035, 0.13025, 0.19794, 0.0, 0.56543, 0.027280000000000002, 0.0, 0.14245, 0.28133, 0.19127, 0.27198, 0, 0, 0.35111, 0.0, 0.12142, 0.36742, 0.0, 0.0, 0.01713, 0.06, 0.0175, 0.15544, 0.56632, 0.0, 0.178, 0.1125, 0.27872, 0.1405, 0.37185, 0.39508, 0.366, 0.0, 0.28752, 0.0, 0.27713, 0, 0.27332, 0.34769, 0, 0.21053, 0.23791, 0.33366999999999997, 0.035, 0, 0.049969999999999994, 0.0425, 0.055, 0.12663, 0.05, 0.092, 0.08193, 0.30663, 0.23572, 0.15822, 0.0, 0.0, 0, 0.45438]"
wbc,J+aB,PCA,200,0.154,0.347,0.138,"[0.0, 0.013340000000000001, 0.0, 0.1689, 0.0, 0.08249, 0.0, 0.101, 0.27779, 0.08997000000000001, 0.0, 0.0, 0.22294, 0.26322, 0.0, 0.1423, 0.1343, 0.52648, 0.0, 0.14563, 0.06052, 0.0, 0.33887, 0.23687, 0.19261, 0.0733, 0.34665, 0.09747, 0.09056, 0.06914000000000001, 0.09414, 0.0, 0.22944, 0.0, 0.31934, 0.23496, 0.40245, 0.38563000000000003, 0.20396, 0.0, 0.17468, 0.15012, 0.19394, 0.19339, 0.09044, 0.08701, 0.0, 0.48614999999999997, 0.16728, 0.28187, 0, 0.10738, 0.0, 0.20594, 0.24757, 0.26489, 0.36742, 0.075, 0.0, 0.031420000000000003, 0.2405, 0.08495, 0.15097, 0.1915, 0.02446, 0.14313, 0.50802, 0.0, 0.0, 0.25822, 0.26506, 0.0, 0.18968, 0.35117, 0.42896, 0.09164, 0.28572000000000003, 0.0, 0.28911000000000003, 0.11445000000000001, 0.045, 0.40417, 0.32157, 0.11697, 0.21053, 0.035, 0.0, 0.10286000000000001, 0, 0.07831, 0.05498, 0.15195, 0.0, 0.31811, 0.10309, 0.21596, 0.24885000000000002, 0.28351, 0, 0.45178]"
wbc,J+aB,PCA,300,0.162,0.395,0.142,"[0.013340000000000001, 0.0, 0.02855, 0.24565, 0.08582000000000001, 0.0, 0.2603, 0.0, 0.0, 0.11314, 0.0, 0.0733, 0.21294000000000002, 0.52648, 0.013999999999999999, 0.26322, 0.0, 0.20948, 0.11496, 0.0, 0.10806, 0.25406, 0.17052, 0.34665, 0.06914000000000001, 0.0, 0.23729, 0.18561, 0.13414, 0.0733, 0.36058, 0.005, 0.09915, 0.0, 0.14150000000000001, 0.23244, 0.41196, 0.40245, 0.40492, 0.0, 0.25156, 0.21222, 0.17218, 0.17122, 0.027280000000000002, 0.02001, 0.0, 0.40564, 0.19794, 0.28133, 0.20594, 0.0, 0.26972, 0.04409, 0.39392, 0.12242, 0.17864, 0.23102, 0.0, 0.0, 0.14544, 0.11229, 0.0, 0.5122099999999999, 0.22309, 0.0, 0.0, 0.21219000000000002, 0.23209, 0.2105, 0.29557, 0.2735, 0.20854, 0.0, 0.45937, 0.0, 0.065, 0.24999, 0.2833, 0.10578, 0.045, 0.06996999999999999, 0.29892, 0.27137, 0.07163, 0.0, 0.4155, 0.10361000000000001, 0.07831, 0.07748000000000001, 0.025, 0.16695000000000002, 0.14582, 0.0, 0.23572, 0.267, 0.36581, 0.46165, 0.12523, 0.45012]"
wbc,J+aB,PCA,400,0.169,0.365,0.137,"[0.0125, 0.0, 0.24565, 0.20566, 0.0, 0.0, 0.08749, 0.0, 0.0, 0.31657, 0.10300000000000001, 0.22865, 0.0, 0.02817, 0.03, 0.20948, 0.27490000000000003, 0.52648, 0.23148, 0.0, 0.06914000000000001, 0.05968, 0.34465, 0.13299, 0.0, 0.28197, 0.23687, 0.06915, 0.17262, 0.12583, 0.18496, 0.0, 0.44067, 0.1033, 0.06571, 0.20396, 0.43715, 0.23244, 0.40203, 0.0, 0.2284, 0.19537000000000002, 0.17668, 0.11101, 0.0, 0.19394, 0.38649, 0.14103, 0.25827, 0.27799, 0.11051, 0.1515, 0.19547, 0.27572, 0.29744, 0.18192, 0.0845, 0.36243000000000003, 0.0, 0.0, 0.14177, 0.0, 0.44981, 0.0, 0.24626, 0.13482, 0.0, 0.07400000000000001, 0.2105, 0.26873, 0.35552, 0.2888, 0.21588000000000002, 0.39503, 0.0, 0.25141, 0.0, 0.0, 0.27974, 0.045, 0.32157, 0.07164, 0.07163, 0.26138, 0.04571, 0.0, 0.25657, 0.07831, 0.16021, 0.07748000000000001, 0.05999, 0.14281, 0.20882, 0.2343, 0.4155, 0.0, 0.34416, 0.39245, 0.25112, 0.44754]"
wbc,J+aB,PCA,500,0.177,0.368,0.142,"[0.0, 0.013340000000000001, 0.0, 0.22231, 0.0, 0.0, 0.08582000000000001, 0.0, 0.26873, 0.24607, 0.52398, 0.22865, 0.26522, 0.0, 0.0733, 0.0, 0.29384, 0.0, 0.13864, 0.19649, 0.17052, 0.06914000000000001, 0.0, 0.34465, 0.26958, 0.21323, 0.04, 0.23687, 0.12583, 0.17562, 0.12871, 0.24295, 0.005, 0.43017, 0.08853, 0.0883, 0.17732, 0.38038, 0.0, 0.39769, 0.16934, 0.1984, 0.19537000000000002, 0.22852, 0.0, 0.11478000000000001, 0.19394, 0.53099, 0.17176, 0.27799, 0.15301, 0.21196, 0.189, 0.26972, 0.0, 0.29648, 0.36742, 0.22857, 0.075, 0.0, 0.14544, 0.020999999999999998, 0.22333, 0.0, 0.42029, 0.0, 0.07400000000000001, 0.25326, 0.233, 0.29673, 0.2933, 0.29885, 0.0, 0.27442, 0.2833, 0.0, 0.50805, 0.21837, 0.065, 0.045, 0.07164, 0.25976, 0.00571, 0.32757000000000003, 0.35817, 0.0, 0.035, 0.15212, 0.07831, 0.08348, 0.07997, 0.15781, 0.14067, 0.0, 0.37556, 0.32667, 0.36123, 0.31312, 0.44967999999999997, 0.4492]"
wbc,J+aB,PCA,600,0.169,0.338,0.136,"[0.24565, 0.0, 0.0, 0.29579, 0.05793, 0.0, 0.08582000000000001, 0.20566, 0.0, 0.0, 0.04121, 0.065, 0.22865, 0.0, 0.24122000000000002, 0.20948, 0.52398, 0.06663000000000001, 0.13065000000000002, 0.0, 0.32491, 0.06914000000000001, 0.0, 0.33365, 0.15981, 0.1086, 0.17089000000000001, 0.0, 0.13414, 0.19612000000000002, 0.09536, 0.05321, 0.0, 0.0883, 0.24295, 0.42086, 0.14150000000000001, 0.38038, 0.0, 0.38435, 0.23107, 0.17468, 0.21671, 0.15728, 0.52732, 0.15376, 0.19794, 0.14203, 0.0, 0.28133, 0.19928, 0.10051, 0.189, 0.30065, 0.26072, 0.26858, 0.0, 0.33577, 0.0, 0.075, 0.14177, 0.22225, 0.03975, 0.0, 0.46118, 0.24626, 0.0, 0.129, 0.22715, 0.29673, 0.27979, 0.29557, 0.0, 0.0, 0.39503, 0.17218, 0.21837, 0.065, 0.2833, 0.11638, 0.08164, 0.32157, 0.0, 0.0, 0.15492, 0.15814999999999999, 0.19852, 0.07163, 0.07831, 0.0884, 0.07997, 0.15781, 0.2618, 0.33293, 0.35873, 0.44967999999999997, 0.0, 0.274, 0.25512, 0.4532]"
wbc,J+aB,PCA,700,0.17,0.361,0.137,"[0.12753, 0.24661, 0.0, 0.08249, 0.0, 0.0, 0.22564, 0.0, 0.29396, 0.0, 0.02817, 0.0, 0.065, 0.46492, 0.22794, 0.07581, 0.24122000000000002, 0.0733, 0.0, 0.1678, 0.29551, 0.38241, 0.33365, 0.19612000000000002, 0.19440000000000002, 0.06914000000000001, 0.1854, 0.0, 0.04, 0.13685, 0.23496, 0.0, 0.05, 0.39868, 0.23244, 0.164, 0.32107, 0.055, 0.38038, 0.0, 0.25156, 0.21671, 0.19794, 0.08228, 0.17668, 0.15243, 0.533, 0.08743000000000001, 0.27853, 0.00625, 0.21094000000000002, 0.27072, 0.0, 0.15493, 0.30161, 0.22857, 0.189, 0.34741, 0.0, 0.0, 0.16177, 0.26500999999999997, 0.04546, 0.49136, 0.17971, 0.0, 0.0, 0.19221, 0.21544, 0.37789, 0.29557, 0.25302, 0.0, 0.2785, 0.36344, 0.0, 0.2883, 0.21837, 0.0, 0.11079, 0.15492, 0.0, 0.32757000000000003, 0.08164, 0.07163, 0.0, 0.11647, 0.08581, 0.17521, 0.08348, 0.07997, 0.1528, 0.2518, 0.23572, 0.30193, 0.36123, 0.0, 0.41883, 0.25512, 0.4532]"
wbc,J+aB,PCA,800,0.17,0.364,0.14,"[0.0, 0.17892, 0.0, 0.0, 0.0, 0.20566, 0.0, 0.26873, 0.08249, 0.24565, 0.0, 0.065, 0.20948, 0.06663000000000001, 0.46816, 0.22794, 0.0, 0.02817, 0.07581, 0.24922, 0.06914000000000001, 0.28823, 0.38991, 0.0, 0.17089000000000001, 0.1086, 0.34465, 0.0, 0.18561, 0.13414, 0.40863, 0.0, 0.23496, 0.055, 0.14150000000000001, 0.06571, 0.24295, 0.38038, 0.0, 0.32358, 0.23107, 0.17668, 0.26757, 0.21671, 0.19794, 0.50283, 0.0, 0.12603, 0.27853, 0.06996000000000001, 0.21094000000000002, 0.27072, 0.0, 0.062, 0.13301, 0.19488, 0.34741, 0.34815, 0.0, 0.0, 0.16177, 0.01875, 0.3627, 0.0, 0.49136, 0.17971, 0.20482, 0.21544, 0.0, 0.29673, 0.2888, 0.0, 0.29979, 0.13218, 0.0, 0.44213, 0.21837, 0.0, 0.2833, 0.11638, 0.08164, 0.32757000000000003, 0.09163, 0.08141999999999999, 0.0, 0.00571, 0.28967, 0.16021, 0.08581, 0.08348, 0.07997, 0.15781, 0.24441000000000002, 0.27093, 0.23463, 0.0, 0.37923, 0.25112, 0.42451, 0.4532]"
wbc,J+aB,PCA,900,0.169,0.37,0.141,"[0.0, 0.0, 0.0, 0.17925, 0.25065, 0.0, 0.22231, 0.03655, 0.28954, 0.07829, 0.22919, 0.063, 0.02817, 0.0733, 0.46592, 0.0, 0.0, 0.06915, 0.24922, 0.20948, 0.38241, 0.15818000000000002, 0.07914, 0.36883, 0.0, 0.34465, 0.09861, 0.20612, 0.12583, 0.0, 0.36558, 0.0, 0.24295, 0.40863, 0.0, 0.1465, 0.055, 0.0, 0.32412, 0.3383, 0.2278, 0.15376, 0.16934, 0.21339, 0.19794, 0.533, 0.06996000000000001, 0.15728, 0.0, 0.27799, 0.21094000000000002, 0.189, 0.12159, 0.0, 0.27072, 0.31565, 0.34741, 0.0, 0.20497, 0.0, 0.14177, 0.03975, 0.0, 0.46481, 0.42611, 0.178, 0.21273, 0.21545, 0.0, 0.29673, 0.2933, 0.13218, 0.0, 0.27979, 0.41403, 0.0, 0.2833, 0.0, 0.23037000000000002, 0.0525, 0.08164, 0.32757000000000003, 0.00571, 0.12461, 0.07163, 0.25692000000000004, 0.12088, 0.0, 0.08581, 0.08348, 0.15781, 0.07997, 0.18374000000000001, 0.23642, 0.38301, 0.0, 0.23463, 0.46165, 0.17399, 0.45294]"
wbc,J+aB,PCA,1000,0.171,0.347,0.142,"[0.20566, 0.31121, 0.0, 0.0, 0.08249, 0.07043, 0.27271, 0.025, 0.0, 0.07554999999999999, 0.0733, 0.065, 0.22865, 0.46492, 0.1678, 0.0, 0.0215, 0.0, 0.13065000000000002, 0.24922, 0.06914000000000001, 0.32491, 0.28823, 0.1086, 0.13414, 0.34665, 0.0, 0.15818000000000002, 0.20612, 0.0, 0.0, 0.31418999999999997, 0.39895, 0.0883, 0.1973, 0.0, 0.33663, 0.24295, 0.32412, 0.0, 0.21339, 0.22707, 0.19794, 0.16476, 0.08643, 0.16863, 0.53786, 0.0, 0.15728, 0.27799, 0.21094000000000002, 0.18424000000000001, 0.0, 0.0, 0.062, 0.27072, 0.33494, 0.34741, 0.22715000000000002, 0.0, 0.16177, 0.3802, 0.0, 0.5122099999999999, 0.18313000000000001, 0.0, 0.21544, 0.0, 0.22272, 0.29373, 0.29331, 0.27979, 0.44489, 0.0, 0.0, 0.11618, 0.23037000000000002, 0.2833, 0.0, 0.11638, 0.08164, 0.32757000000000003, 0.15938, 0.07163, 0.00571, 0.0, 0.08581, 0.16121, 0.06188, 0.12515, 0.07997, 0.16695000000000002, 0.24106, 0.0, 0.30175, 0.14707, 0.5146499999999999, 0.33612, 0.36123, 0.44894]"
pima,JaB,PCA,100,0.045,0.123,0.128,"[0, 0, 0.27487, 0.30785, 0, 0.27971, 0, 0, 0, 0, 0, 0, 0.008, 0, 0.06233, 0.07239, 0, 0, 0.55053, 0.15123, 0, 0, 0, 0.1281, 0, 0, 0, 0, 0, 0, 0, 0.02067, 0, 0.12217, 0, 0, 0, 0, 0, 0, 0.012, 0, 0.05, 0, 0, 0, 0, 0.38412, 0, 0, 0, 0, 0, 0, 0.05221, 0.45352, 0, 0, 0.006, 0, 0, 0, 0, 0, 0.54034, 0, 0, 0, 0, 0, 0, 0, 0.082, 0, 0, 0, 0, 0, 0.10667, 0, 0, 0, 0, 0, 0, 0.03369, 0, 0, 0, 0, 0.006, 0.74812, 0, 0, 0, 0, 0, 0, 0, 0]"
pima,JaB,PCA,200,0.039,0.079,0.114,"[0, 0.09585, 0, 0, 0, 0.67413, 0, 0.07362, 0.02, 0.01761, 0.00333, 0.006670000000000001, 0.30639, 0, 0.02934, 0, 0.00333, 0.04544, 0.00923, 0.00333, 0, 0, 0, 0, 0.0106, 0, 0.00666, 0, 0.00666, 0, 0.00666, 0.04951, 0, 0, 0.07833, 0.00333, 0, 0.00666, 0, 0, 0.025330000000000002, 0, 0.00333, 0, 0, 0.52162, 0, 0, 0.0625, 0.02, 0.00666, 0, 0.12599, 0.01599, 0, 0.05221, 0, 0, 0.00333, 0.06334000000000001, 0.013330000000000002, 0, 0, 0.01933, 0.05733, 0.00666, 0.71514, 0.01047, 0.029330000000000002, 0, 0, 0, 0.082, 0, 0, 0, 0.00333, 0.01, 0.11, 0, 0, 0, 0.06334000000000001, 0.13411, 0, 0, 0, 0, 0, 0.03334, 0.00333, 0.013330000000000002, 0.02599, 0.01667, 0.02, 0.1508, 0, 0.00333, 0.059, 0]"
pima,JaB,PCA,300,0.079,0.235,0.141,"[0, 0.005, 0, 0.32361, 0, 0.21834, 0, 0.1625, 0.01999, 0.15025, 0.03366, 0.10495, 0.01571, 0.0, 0.01666, 0.61551, 0.015, 0.01, 0.15915, 0.20509, 0.02547, 0, 0.005, 0, 0.005, 0, 0.02666, 0, 0.025, 0.02166, 0.08283, 0, 0.02166, 0, 0.008329999999999999, 0.03133, 0, 0, 0.12666, 0, 0.02833, 0.11167, 0.00333, 0.015, 0.006670000000000001, 0.29412, 0, 0.02, 0.33245, 0.145, 0.14166, 0.00333, 0, 0.3235, 0.01499, 0.03421, 0.015, 0.00833, 0.00666, 0.06834, 0, 0.06833, 0, 0.43423, 0.6325, 0.10061, 0.12101, 0.02166, 0.025, 0.015, 0, 0.005, 0.00333, 0, 0.07, 0.00833, 0, 0.66728, 0.02833, 0, 0, 0.26001, 0.01547, 0.12897, 0.015, 0.18842, 0.00333, 0, 0, 0.03334, 0, 0.53167, 0.2322, 0.125, 0.155, 0.02333, 0, 0.01166, 0, 0.01]"
pima,JaB,PCA,400,0.068,0.251,0.112,"[0.005, 0, 0.17863, 0, 0.015, 0, 0, 0.29958, 0.28293, 0.01, 0.03467, 0.01333, 0.016890000000000002, 0, 0.2185, 0.015, 0.01332, 0.00333, 0.09664, 0.01923, 0, 0, 0, 0.005, 0.10088, 0, 0.02666, 0, 0.025, 0.02166, 0.02166, 0.34193, 0, 0, 0, 0, 0.006670000000000001, 0.01333, 0.12666, 0, 0.02333, 0.01467, 0.015, 0.11033, 0.02833, 0, 0.38424, 0.45567, 0.02, 0.18667, 0.14166, 0.30433, 0.00333, 0, 0.00666, 0.0075, 0.015, 0.00933, 0.00833, 0.005, 0, 0, 0.06833, 0.25184, 0.12101, 0.25061, 0.00666, 0.44649, 0.01, 0.015, 0.005, 0, 0, 0, 0, 0.10528, 0.01, 0.2475, 0.03, 0, 0, 0.26001, 0.19747, 0.005, 0.1578, 0, 0.015, 0, 0, 0.00833, 0.005, 0.38814, 0.01833, 0.19208, 0.125, 0, 0.01166, 0.155, 0, 0.01]"
pima,JaB,PCA,500,0.242,0.518,0.214,"[0.0, 0.265, 0.53028, 0.325, 0.31083, 0, 0, 0.46958, 0.66579, 0.27333, 0, 0.25333, 0.29067, 0.60532, 0.06041, 0.295, 0.28666, 0.26377, 0.12333, 0.42333, 0, 0.1956, 0, 0.255, 0.25, 0.26166, 0.67333, 0, 0, 0.31166, 0.31166, 0.37066, 0, 0, 0.008329999999999999, 0, 0.30833, 0.51666, 0.006670000000000001, 0, 0.44785, 0.02333, 0.29833, 0, 0.335, 0.67662, 0, 0.35, 0.65844, 0.43738, 0.03458, 0.48166, 0, 0.01499, 0.45808, 0.02333, 0.02433, 0.315, 0.33834, 0.225, 0.39833, 0.01, 0, 0.44101, 0.7259, 0.23166, 0.03515, 0.5531200000000001, 0.225, 0.325, 0, 0, 0.245, 0.246, 0.25833, 0.005, 0.33, 0.44782, 0.49125, 0, 0.02781, 0, 0.61001, 0.01833, 0.39333, 0.5108, 0, 0.28, 0.01333, 0.27833, 0, 0.63814, 0.515, 0, 0.475, 0.32833, 0.4425, 0.32166, 0, 0.35]"
pima,JaB,PCA,600,0.23,0.522,0.213,"[0.265, 0, 0.54077, 0, 0.69077, 0, 0.325, 0.3375, 0.46958, 0.02333, 0.25333, 0.01667, 0.01571, 0.28832, 0.48934, 0, 0.29333, 0.00333, 0.26059, 0.42333, 0, 0.26, 0, 0.265, 0, 0.20227, 0.25166, 0, 0.26166, 0.31166, 0.31333, 0.35026999999999997, 0.00333, 0.01833, 0.02, 0, 0.30833, 0.52166, 0.006670000000000001, 0, 0.46784, 0.02333, 0.29833, 0.335, 0, 0.71262, 0.34499, 0, 0.62426, 0.5779, 0.48166, 0.00333, 0, 0.03421, 0.00999, 0.45517, 0.05767, 0.32333, 0.33834, 0.32334, 0.01, 0.39833, 0, 0.72923, 0.40101, 0.24666, 0.17577, 0.225, 0.54862, 0.325, 0, 0.245, 0.00333, 0.3075, 0.495, 0, 0.24, 0.25833, 0.03, 0, 0, 0.00333, 0.52387, 0.61001, 0, 0.285, 0, 0.39333, 0.01833, 0.28333, 0.515, 0.006, 0.47167, 0, 0.6313, 0.32166, 0.00333, 0.32333, 0.44417, 0.34833]"
pima,JaB,PCA,700,0.225,0.516,0.206,"[0.265, 0, 0.54277, 0.3375, 0, 0.0, 0.68165, 0.325, 0.46525, 0.03833, 0.00333, 0.03334, 0.28832, 0.01833, 0.08405, 0.50017, 0.29333, 0, 0.26127, 0.42335, 0.0, 0, 0.22228, 0.0, 0.25, 0.31166, 0.255, 0.25166, 0.26166, 0, 0.299, 0.29833, 0, 0, 0.02, 0.31333, 0.008329999999999999, 0.52166, 0.13167, 0, 0.02333, 0.29833, 0.71262, 0.328, 0.44785, 0, 0, 0.35, 0.62412, 0.5744, 0.47583, 0.02833, 0, 0.029320000000000002, 0.0365, 0.45433, 0.32333, 0.00833, 0.33834, 0.21834, 0.02667, 0.39833, 0, 0.24666, 0.42061, 0.17614, 0.60519, 0.40101, 0.325, 0.225, 0, 0.245, 0.01333, 0.48625, 0.24, 0.01333, 0.25833, 0.035, 0.0, 0.23, 0.01, 0.54244, 0.39333, 0.01833, 0, 0.61001, 0.28, 0.01333, 0, 0.27833, 0.01933, 0.6313, 0.44167, 0.515, 0.46506, 0.32333, 0.31166, 0.005, 0.01833, 0.341]"
pima,JaB,PCA,800,0.22,0.515,0.209,"[0.265, 0.53362, 0, 0, 0.0, 0.74968, 0.325, 0.3375, 0.50041, 0.03333, 0.01333, 0.06022, 0.03467, 0, 0.425, 0.50017, 0.28666, 0.29333, 0.28422000000000003, 0.00333, 0.255, 0, 0.0, 0.0256, 0, 0.25, 0, 0.26166, 0.31166, 0.25166, 0.29833, 0.285, 0.01833, 0, 0.006670000000000001, 0.31333, 0, 0, 0.51666, 0, 0.44785, 0.02333, 0.335, 0.29833, 0, 0, 0.53388, 0.657, 0.34766, 0.57573, 0, 0.02833, 0.47916, 0.01499, 0.45433, 0.0475, 0.33168, 0.00933, 0.32333, 0.22834000000000002, 0.04214, 0.39833, 0.40101, 0.5909, 0, 0.26, 0.07571, 0.325, 0.225, 0.42061, 0, 0.245, 0.00333, 0.25833, 0.24, 0, 0.00333, 0.3075, 0.48875, 0, 0, 0.61001, 0.00333, 0.39333, 0, 0.52411, 0.00333, 0.0, 0.28, 0.27833, 0.01933, 0.6313, 0.46553, 0.515, 0.005, 0.4425, 0.31166, 0.32333, 0, 0.351]"
pima,JaB,PCA,900,0.229,0.522,0.21,"[0.26, 0, 0, 0.04206, 0.52194, 0.325, 0.68935, 0.03761, 0.3425, 0.53458, 0.02404, 0.09667, 0, 0, 0.28832, 0.51514, 0.30522, 0.29333, 0.01833, 0.425, 0.255, 0.0, 0.1956, 0.25, 0, 0, 0.26547, 0, 0.31166, 0.24666, 0.28832, 0.285, 0, 0.02, 0.008329999999999999, 0.52166, 0.31333, 0, 0.01167, 0, 0.44284, 0.02333, 0.29833, 0.335, 0, 0, 0.66078, 0.34499, 0.72039, 0.66808, 0.02833, 0.45433, 0.47916, 0.04521, 0, 0.21834, 0.00666, 0.33834, 0.02166, 0.32333, 0.13667, 0.534, 0.39833, 0, 0.42311, 0.44101, 0.26, 0.03459, 0.225, 0.344, 0.245, 0.22833, 0, 0.25833, 0.23833000000000001, 0.00333, 0.005, 0.3075, 0.48875, 0, 0.01, 0.00333, 0.60501, 0.39333, 0.55847, 0, 0.28, 0.01833, 0.0, 0.27833, 0.01933, 0.63885, 0.515, 0.44292, 0.31166, 0.46542, 0, 0.32833, 0.02, 0.351]"
pima,JaB,PCA,1000,0.23,0.534,0.212,"[0.265, 0, 0.53195, 0.0, 0.325, 0.66996, 0, 0.3375, 0.46958, 0.02333, 0.00333, 0.01667, 0, 0.20372, 0.55765, 0.28832, 0.00333, 0.29333, 0.425, 0.26377, 0.0, 0.255, 0, 0.25, 0.20227, 0, 0.25166, 0, 0.26166, 0.31166, 0.285, 0.29332, 0, 0, 0.01833, 0.31333, 0, 0.52767, 0.01167, 0, 0.02333, 0.44284, 0.29833, 0.333, 0.71012, 0, 0, 0.33766, 0.65991, 0.5779, 0.00666, 0.21833, 0, 0.48166, 0.45433, 0.0075, 0.02333, 0.31333, 0.33834, 0.22834000000000002, 0.031670000000000004, 0.40101, 0, 0.60173, 0.39833, 0.26, 0.55062, 0.0075, 0.225, 0.325, 0.245, 0, 0.00333, 0.08333, 0.25833, 0.005, 0.24333, 0.45085000000000003, 0.48875, 0, 0.01, 0.60501, 0.00714, 0, 0.39333, 0.59997, 0.0, 0.28, 0.01166, 0.27833, 0.11083, 0.64047, 0.46792, 0.32333, 0.515, 0, 0.43501, 0.35, 0.31166, 0]"
pima,J+aB,PCA,100,0.04,0.12,0.128,"[0, 0.27562, 0, 0, 0, 0.25241, 0, 0, 0, 0, 0, 0, 0, 0, 0.11904, 0.1272, 0.02439, 0.40742, 0, 0.016, 0, 0, 0, 0.03831, 0, 0, 0, 0, 0, 0, 0.02067, 0, 0, 0, 0.12399, 0, 0, 0, 0, 0, 0.012, 0, 0, 0.38412, 0, 0.022000000000000002, 0, 0, 0, 0, 0, 0, 0.33282, 0, 0, 0.12608, 0.006, 0, 0, 0, 0, 0.036000000000000004, 0, 0, 0, 0, 0, 0.76908, 0, 0, 0, 0, 0, 0, 0, 0, 0, 0, 0.10667, 0, 0, 0, 0, 0, 0.03369, 0, 0, 0, 0, 0, 0, 0, 0.74475, 0, 0, 0, 0, 0, 0, 0]"
pima,J+aB,PCA,200,0.037,0.088,0.095,"[0, 0.04285, 0.09585, 0.07362, 0, 0, 0.08750000000000001, 0, 0.01428, 0.39429, 0, 0.00333, 0.006670000000000001, 0.00333, 0, 0.27213, 0.02134, 0.016, 0.00333, 0, 0, 0, 0, 0, 0.00666, 0.02488, 0, 0, 0.00666, 0, 0.04951, 0, 0, 0, 0.21251, 0.00333, 0, 0, 0.00666, 0, 0.026000000000000002, 0.00333, 0, 0, 0.52162, 0.02, 0, 0, 0, 0.0625, 0.013330000000000002, 0.08348, 0, 0, 0.14201, 0.01321, 0.00666, 0, 0.06334000000000001, 0.00333, 0.013330000000000002, 0.05733, 0, 0.01166, 0.00833, 0, 0.58569, 0, 0, 0.01047, 0, 0.082, 0.021599999999999998, 0, 0, 0.11, 0, 0.01, 0.00333, 0, 0, 0.06334000000000001, 0, 0, 0.021670000000000002, 0, 0, 0.12399, 0, 0.00333, 0.01, 0.01933, 0.19687, 0.00333, 0.02, 0, 0.01667, 0.00333, 0, 0]"
pima,J+aB,PCA,300,0.073,0.228,0.13,"[0.01, 0.04285, 0.32577, 0, 0.1625, 0.01666, 0.21667, 0, 0.15025, 0, 0.01333, 0.4783, 0, 0.0, 0.00833, 0.38768, 0.015, 0.01025, 0.0888, 0.01, 0.005, 0.02666, 0.005, 0, 0, 0.031670000000000004, 0, 0, 0.025, 0.02166, 0.03638, 0, 0, 0.02166, 0.008329999999999999, 0.01833, 0, 0.12166, 0.006670000000000001, 0, 0.11167, 0.01467, 0.02833, 0.54584, 0, 0.015, 0.00333, 0.02, 0.44891, 0.145, 0.14166, 0.3135, 0.01499, 0, 0.00333, 0.01321, 0.00666, 0.015, 0.00833, 0.02834, 0, 0.06833, 0.09433, 0.43735, 0, 0.49417, 0.02166, 0.015, 0.10061, 0.025, 0, 0.00833, 0.005, 0, 0.00333, 0, 0.02833, 0.065, 0, 0.11, 0, 0.02547, 0.26334, 0.00333, 0, 0.10126, 0.22411, 0.015, 0, 0.01833, 0, 0.53167, 0.155, 0.13833, 0.125, 0.02333, 0, 0.01166, 0, 0.01]"
pima,J+aB,PCA,400,0.062,0.215,0.104,"[0.01, 0, 0.18577, 0.08750000000000001, 0, 0, 0.21334, 0.015, 0, 0.15025, 0.01333, 0.11567, 0.05904, 0.015, 0, 0.01, 0.211, 0.01923, 0.00833, 0.08333, 0, 0.02666, 0, 0.005, 0.03227, 0, 0.025, 0, 0.02166, 0, 0.025, 0.08932, 0, 0, 0.01333, 0, 0, 0.006670000000000001, 0, 0.12166, 0.00333, 0.02833, 0.20285, 0.29412, 0.015, 0.01467, 0, 0.02, 0.18867, 0.41829, 0.00333, 0.14166, 0, 0.00666, 0.01321, 0.30267, 0.04267, 0.015, 0.00833, 0.005, 0, 0.254, 0.06833, 0.096, 0, 0.00333, 0.25061, 0.08225, 0.01, 0.015, 0.005, 0, 0, 0, 0, 0.01, 0.065, 0.02833, 0.2475, 0, 0.01381, 0.26334, 0.005, 0, 0.00333, 0.015, 0, 0.53733, 0, 0.01222, 0.3858, 0.01933, 0.22781, 0.15583, 0.125, 0, 0.01833, 0.01166, 0, 0.01]"
pima,J+aB,PCA,500,0.234,0.515,0.209,"[0.265, 0, 0, 0.53028, 0.04285, 0.02333, 0.325, 0.66366, 0.46958, 0.3425, 0.49267, 0.25333, 0.05904, 0, 0.08067, 0.01833, 0.295, 0.28332, 0.42333, 0.25741, 0, 0, 0, 0.255, 0.25, 0.20988, 0.26166, 0, 0.31166, 0.24666, 0.31166, 0.36566, 0, 0.51666, 0.31333, 0.01833, 0, 0, 0.006670000000000001, 0, 0.02333, 0.45033, 0.29833, 0.335, 0.78334, 0.43738, 0.35, 0, 0, 0.67433, 0.52683, 0, 0.33166, 0.02833, 0.01499, 0.015, 0.02333, 0.21834, 0.32333, 0.34, 0, 0.39833, 0.02667, 0.23666, 0.6009, 0.40101, 0.225, 0.03459, 0.55112, 0.325, 0, 0, 0.00333, 0.26, 0.24, 0.245, 0.45132, 0.32833, 0.495, 0, 0.00333, 0.61334, 0.01714, 0.39333, 0.5108, 0, 0.26833, 0.31833, 0, 0.28, 0.006, 0.63814, 0.515, 0, 0.475, 0.32833, 0, 0.32166, 0.4425, 0.35]"
pima,J+aB,PCA,600,0.226,0.508,0.21,"[0.265, 0.3375, 0, 0.53362, 0.72056, 0, 0, 0.46958, 0.325, 0.02333, 0.008, 0.05904, 0.29333, 0, 0.49267, 0.00333, 0.25333, 0.28691, 0.42333, 0.29332, 0.255, 0, 0.25166, 0, 0.20227, 0.26166, 0.265, 0, 0, 0.31166, 0.31166, 0.34194, 0, 0.51666, 0, 0.006670000000000001, 0.31333, 0, 0.01833, 0, 0.45284, 0.02333, 0.29833, 0.66111, 0.335, 0.35, 0, 0.47404, 0.65529, 0, 0.48166, 0.00333, 0, 0.02332, 0.45267, 0.325, 0.03, 0, 0.33834, 0.22834000000000002, 0.02667, 0.40333, 0, 0.60423, 0.24666, 0.391, 0.03459, 0.225, 0.5531200000000001, 0.325, 0, 0.245, 0, 0.00333, 0.25833, 0.24, 0.495, 0.02833, 0.30797, 0, 0.00333, 0.00333, 0.61334, 0.39333, 0.5072, 0.285, 0, 0, 0.00333, 0.28333, 0.02083, 0.6388, 0.32833, 0.475, 0.515, 0, 0.44417, 0.32166, 0, 0.351]"
pima,J+aB,PCA,700,0.224,0.522,0.212,"[0.68782, 0.26, 0, 0.56377, 0, 0.325, 0, 0.47458, 0.03333, 0.31083, 0.01833, 0.49267, 0.01333, 0, 0.03467, 0.26, 0.29332, 0.42333, 0.29333, 0.02404, 0, 0.255, 0, 0.25166, 0.0, 0, 0.25, 0.195, 0.31166, 0.25666, 0.30166, 0.008329999999999999, 0, 0, 0.52166, 0.30833, 0.30067, 0, 0, 0.006670000000000001, 0.45284, 0.335, 0.02833, 0.69296, 0.29833, 0, 0.34499, 0.01, 0.657, 0.57073, 0.48166, 0.02833, 0, 0.52183, 0.03421, 0.01999, 0.00833, 0.33834, 0.32333, 0.21834, 0.02667, 0.39833, 0, 0.5531200000000001, 0.5909, 0.24666, 0.07489, 0.38933, 0.225, 0.325, 0, 0.245, 0.00333, 0, 0.24, 0.02833, 0.25833, 0.23, 0.48875, 0, 0, 0.61334, 0.39333, 0.01333, 0, 0.51411, 0, 0.01333, 0.28, 0.27833, 0.01933, 0.6388, 0.46946, 0.515, 0.45042, 0.00333, 0.32333, 0.31166, 0, 0.39451]"
pima,J+aB,PCA,800,0.222,0.516,0.205,"[0.265, 0, 0.67435, 0.31083, 0.04206, 0.53028, 0.46525, 0.325, 0.27261, 0, 0.0759, 0, 0.00333, 0.02467, 0.42333, 0.49467, 0.00333, 0.3059, 0.29333, 0.29332, 0.255, 0, 0.06827, 0.25166, 0.25, 0.0, 0, 0, 0.26166, 0.31166, 0, 0.285, 0, 0, 0.30833, 0.52166, 0.30333, 0.008329999999999999, 0, 0.01167, 0.4495, 0.02333, 0.53078, 0.335, 0, 0.29833, 0, 0.657, 0.34499, 0.57073, 0.48166, 0.02333, 0, 0.01499, 0.02833, 0.42565, 0.32333, 0.02333, 0.34, 0.22834000000000002, 0.025, 0.39833, 0, 0.5959, 0.25333, 0.391, 0.07571, 0.225, 0.42061, 0.325, 0, 0.245, 0.00333, 0.08333, 0.00333, 0.24, 0.4984, 0.24333, 0, 0.3075, 0.61334, 0, 0, 0.39333, 0.52411, 0, 0.28, 0.00333, 0.27833, 0, 0.47006, 0.00833, 0.64047, 0.515, 0.32833, 0.31166, 0.44417, 0.00333, 0.34667, 0]"
pima,J+aB,PCA,900,0.227,0.522,0.21,"[0.26, 0, 0.3825, 0.325, 0.52194, 0.71985, 0, 0.0, 0.46525, 0.02333, 0.00333, 0.023799999999999998, 0.42214, 0.28332, 0, 0.01667, 0.29333, 0.52014, 0.00333, 0.25741, 0.0, 0.25, 0, 0.02428, 0.255, 0.1956, 0.24666, 0.26547, 0, 0.31166, 0.30333, 0.285, 0, 0.006670000000000001, 0.31333, 0, 0, 0, 0.52166, 0.008329999999999999, 0.44284, 0.02333, 0.335, 0, 0.53078, 0.65583, 0.33499, 0.01, 0.29833, 0.70623, 0.47916, 0.21833, 0.42249, 0.0365, 0.00666, 0.02333, 0, 0.33834, 0.21834, 0.32333, 0.02667, 0.39833, 0, 0.534, 0.391, 0.25333, 0.03459, 0.225, 0.55062, 0.325, 0.245, 0, 0.00333, 0.25833, 0.24, 0.08333, 0.00333, 0.48875, 0.45132, 0, 0.00333, 0.61334, 0.01714, 0.0, 0.28, 0, 0.01333, 0.39333, 0.5422, 0.27833, 0.01833, 0.46446, 0.64214, 0.515, 0.44417, 0.02, 0.32333, 0.31166, 0, 0.35]"
pima,J+aB,PCA,1000,0.228,0.523,0.212,"[0.26, 0, 0.53195, 0.325, 0.27333, 0.46958, 0, 0.3375, 0.6878, 0, 0.008, 0.00333, 0.29332, 0.02404, 0, 0.33678, 0.42547, 0.521, 0.29333, 0.00333, 0.18833, 0.255, 0.25, 0.0, 0.25166, 0, 0, 0, 0.26547, 0.31166, 0.30333, 0.008329999999999999, 0.285, 0, 0.31333, 0, 0.006670000000000001, 0, 0.52166, 0, 0.44284, 0.335, 0.02333, 0.29833, 0.60663, 0, 0.66209, 0, 0.34499, 0.70539, 0.48166, 0, 0.45433, 0.02166, 0.02833, 0.03521, 0.00666, 0.32333, 0.33834, 0.21834, 0.13667, 0, 0.60519, 0.39833, 0.26, 0.391, 0.01659, 0.54862, 0.225, 0.325, 0, 0.24, 0.01333, 0.00333, 0.24, 0.25833, 0.02833, 0.3075, 0.48875, 0.0, 0.01, 0.61334, 0.00714, 0.39333, 0.5412, 0, 0.0, 0.00333, 0.28, 0.27833, 0.46875, 0.01933, 0.6388, 0.32833, 0.515, 0.44542, 0, 0.31166, 0.02, 0.351]"
ionosphere,JaB,PCA,100,0.0,0.0,0.0,"[0, 0, 0, 0, 0, 0, 0, 0, 0, 0, 0, 0, 0, 0, 0, 0, 0, 0, 0, 0, 0, 0, 0, 0, 0, 0, 0, 0, 0, 0, 0, 0, 0, 0, 0, 0, 0, 0, 0, 0, 0, 0, 0, 0, 0, 0, 0, 0, 0, 0, 0, 0, 0, 0, 0, 0, 0, 0, 0, 0, 0, 0, 0, 0, 0, 0, 0, 0, 0, 0, 0, 0, 0, 0, 0, 0, 0, 0, 0, 0, 0, 0, 0, 0, 0, 0, 0, 0, 0, 0, 0, 0, 0, 0, 0, 0, 0, 0, 0, 0]"
ionosphere,JaB,PCA,200,0.0,0.0,0.0,"[0, 0, 0, 0, 0, 0, 0, 0, 0, 0, 0, 0, 0, 0, 0, 0, 0, 0, 0, 0, 0, 0, 0, 0, 0, 0, 0, 0, 0, 0, 0, 0, 0, 0, 0, 0, 0, 0, 0, 0, 0, 0, 0, 0, 0, 0, 0, 0, 0, 0, 0, 0, 0, 0, 0, 0, 0, 0, 0, 0, 0, 0, 0, 0, 0, 0, 0, 0, 0, 0, 0, 0, 0, 0, 0, 0, 0, 0, 0, 0, 0, 0, 0, 0, 0, 0, 0, 0, 0, 0, 0, 0, 0, 0, 0, 0, 0, 0, 0, 0]"
ionosphere,JaB,PCA,300,0.0,0.0,0.0,"[0, 0, 0, 0, 0, 0, 0, 0, 0, 0, 0, 0, 0, 0, 0, 0, 0, 0, 0, 0, 0, 0, 0, 0, 0, 0, 0, 0, 0, 0, 0, 0, 0, 0, 0, 0, 0, 0, 0, 0, 0, 0, 0, 0, 0, 0, 0, 0, 0, 0, 0, 0, 0, 0, 0, 0, 0, 0, 0, 0, 0, 0, 0, 0, 0, 0, 0, 0, 0, 0, 0, 0, 0, 0, 0, 0, 0, 0, 0, 0, 0, 0, 0, 0, 0, 0, 0, 0, 0, 0, 0, 0, 0, 0, 0, 0, 0, 0, 0, 0]"
ionosphere,JaB,PCA,400,0.0,0.0,0.0,"[0, 0, 0, 0, 0, 0, 0, 0, 0, 0, 0, 0, 0, 0, 0, 0, 0, 0, 0, 0, 0, 0, 0, 0, 0, 0, 0, 0, 0, 0, 0, 0, 0, 0, 0, 0, 0, 0, 0, 0, 0, 0, 0, 0, 0, 0, 0, 0, 0, 0, 0, 0, 0, 0, 0, 0, 0, 0, 0, 0, 0, 0, 0, 0, 0, 0, 0, 0, 0, 0, 0, 0, 0, 0, 0, 0, 0, 0, 0, 0, 0, 0, 0, 0, 0, 0, 0, 0, 0, 0, 0, 0, 0, 0, 0, 0, 0, 0, 0, 0]"
ionosphere,JaB,PCA,500,0.0,0.0,0.0,"[0, 0, 0, 0, 0, 0, 0, 0, 0, 0, 0, 0, 0, 0, 0, 0, 0, 0, 0, 0, 0, 0, 0, 0, 0, 0, 0, 0, 0, 0, 0, 0, 0, 0, 0, 0, 0, 0, 0, 0, 0, 0, 0, 0, 0, 0, 0, 0, 0, 0, 0, 0, 0, 0, 0, 0, 0, 0, 0, 0, 0, 0, 0, 0, 0, 0, 0, 0, 0, 0, 0, 0, 0, 0, 0, 0, 0, 0, 0, 0, 0, 0, 0, 0, 0, 0, 0, 0, 0, 0, 0, 0, 0, 0, 0, 0, 0, 0, 0, 0]"
ionosphere,JaB,PCA,600,0.0,0.0,0.0,"[0, 0, 0, 0, 0, 0, 0, 0, 0, 0, 0, 0, 0, 0, 0, 0, 0, 0, 0, 0, 0, 0, 0, 0, 0, 0, 0, 0, 0, 0, 0, 0, 0, 0, 0, 0, 0, 0, 0, 0, 0, 0, 0, 0, 0, 0, 0, 0, 0, 0, 0, 0, 0, 0, 0, 0, 0, 0, 0, 0, 0, 0, 0, 0, 0, 0, 0, 0, 0, 0, 0, 0, 0, 0, 0, 0, 0, 0, 0, 0, 0, 0, 0, 0, 0, 0, 0, 0, 0, 0, 0, 0, 0, 0, 0, 0, 0, 0, 0, 0]"
ionosphere,JaB,PCA,700,0.0,0.0,0.0,"[0, 0, 0, 0, 0, 0, 0, 0, 0, 0, 0, 0, 0, 0, 0, 0, 0, 0, 0, 0, 0, 0, 0, 0, 0, 0, 0, 0, 0, 0, 0, 0, 0, 0, 0, 0, 0, 0, 0, 0, 0, 0, 0, 0, 0, 0, 0, 0, 0, 0, 0, 0, 0, 0, 0, 0, 0, 0, 0, 0, 0, 0, 0, 0, 0, 0, 0, 0, 0, 0, 0, 0, 0, 0, 0, 0, 0, 0, 0, 0, 0, 0, 0, 0, 0, 0, 0, 0, 0, 0, 0, 0, 0, 0, 0, 0, 0, 0, 0, 0]"
ionosphere,JaB,PCA,800,0.0,0.0,0.0,"[0, 0, 0, 0, 0, 0, 0, 0, 0, 0, 0, 0, 0, 0, 0, 0, 0, 0, 0, 0, 0, 0, 0, 0, 0, 0, 0, 0, 0, 0, 0, 0, 0, 0, 0, 0, 0, 0, 0, 0, 0, 0, 0, 0, 0, 0, 0, 0, 0, 0, 0, 0, 0, 0, 0, 0, 0, 0, 0, 0, 0, 0, 0, 0, 0, 0, 0, 0, 0, 0, 0, 0, 0, 0, 0, 0, 0, 0, 0, 0, 0, 0, 0, 0, 0, 0, 0, 0, 0, 0, 0, 0, 0, 0, 0, 0, 0, 0, 0, 0]"
ionosphere,JaB,PCA,900,0.0,0.0,0.0,"[0, 0, 0, 0, 0, 0, 0, 0, 0, 0, 0, 0, 0, 0, 0, 0, 0, 0, 0, 0, 0, 0, 0, 0, 0, 0, 0, 0, 0, 0, 0, 0, 0, 0, 0, 0, 0, 0, 0, 0, 0, 0, 0, 0, 0, 0, 0, 0, 0, 0, 0, 0, 0, 0, 0, 0, 0, 0, 0, 0, 0, 0, 0, 0, 0, 0, 0, 0, 0, 0, 0, 0, 0, 0, 0, 0, 0, 0, 0, 0, 0, 0, 0, 0, 0, 0, 0, 0, 0, 0, 0, 0, 0, 0, 0, 0, 0, 0, 0, 0]"
ionosphere,JaB,PCA,1000,0.0,0.0,0.0,"[0, 0, 0, 0, 0, 0, 0, 0, 0, 0, 0, 0, 0, 0, 0, 0, 0, 0, 0, 0, 0, 0, 0, 0, 0, 0, 0, 0, 0, 0, 0, 0, 0, 0, 0, 0, 0, 0, 0, 0, 0, 0, 0, 0, 0, 0, 0, 0, 0, 0, 0, 0, 0, 0, 0, 0, 0, 0, 0, 0, 0, 0, 0, 0, 0, 0, 0, 0, 0, 0, 0, 0, 0, 0, 0, 0, 0, 0, 0, 0, 0, 0, 0, 0, 0, 0, 0, 0, 0, 0, 0, 0, 0, 0, 0, 0, 0, 0, 0, 0]"
ionosphere,J+aB,PCA,100,0.0,0.0,0.0,"[0, 0, 0, 0, 0, 0, 0, 0, 0, 0, 0, 0, 0, 0, 0, 0, 0, 0, 0, 0, 0, 0, 0, 0, 0, 0, 0, 0, 0, 0, 0, 0, 0, 0, 0, 0, 0, 0, 0, 0, 0, 0, 0, 0, 0, 0, 0, 0, 0, 0, 0, 0, 0, 0, 0, 0, 0, 0, 0, 0, 0, 0, 0, 0, 0, 0, 0, 0, 0, 0, 0, 0, 0, 0, 0, 0, 0, 0, 0, 0, 0, 0, 0, 0, 0, 0, 0, 0, 0, 0, 0, 0, 0, 0, 0, 0, 0, 0, 0, 0]"
ionosphere,J+aB,PCA,200,0.0,0.0,0.0,"[0, 0, 0, 0, 0, 0, 0, 0, 0, 0, 0, 0, 0, 0, 0, 0, 0, 0, 0, 0, 0, 0, 0, 0, 0, 0, 0, 0, 0, 0, 0, 0, 0, 0, 0, 0, 0, 0, 0, 0, 0, 0, 0, 0, 0, 0, 0, 0, 0, 0, 0, 0, 0, 0, 0, 0, 0, 0, 0, 0, 0, 0, 0, 0, 0, 0, 0, 0, 0, 0, 0, 0, 0, 0, 0, 0, 0, 0, 0, 0, 0, 0, 0, 0, 0, 0, 0, 0, 0, 0, 0, 0, 0, 0, 0, 0, 0, 0, 0, 0]"
ionosphere,J+aB,PCA,300,0.0,0.0,0.0,"[0, 0, 0, 0, 0, 0, 0, 0, 0, 0, 0, 0, 0, 0, 0, 0, 0, 0, 0, 0, 0, 0, 0, 0, 0, 0, 0, 0, 0, 0, 0, 0, 0, 0, 0, 0, 0, 0, 0, 0, 0, 0, 0, 0, 0, 0, 0, 0, 0, 0, 0, 0, 0, 0, 0, 0, 0, 0, 0, 0, 0, 0, 0, 0, 0, 0, 0, 0, 0, 0, 0, 0, 0, 0, 0, 0, 0, 0, 0, 0, 0, 0, 0, 0, 0, 0, 0, 0, 0, 0, 0, 0, 0, 0, 0, 0, 0, 0, 0, 0]"
ionosphere,J+aB,PCA,400,0.0,0.0,0.0,"[0, 0, 0, 0, 0, 0, 0, 0, 0, 0, 0, 0, 0, 0, 0, 0, 0, 0, 0, 0, 0, 0, 0, 0, 0, 0, 0, 0, 0, 0, 0, 0, 0, 0, 0, 0, 0, 0, 0, 0, 0, 0, 0, 0, 0, 0, 0, 0, 0, 0, 0, 0, 0, 0, 0, 0, 0, 0, 0, 0, 0, 0, 0, 0, 0, 0, 0, 0, 0, 0, 0, 0, 0, 0, 0, 0, 0, 0, 0, 0, 0, 0, 0, 0, 0, 0, 0, 0, 0, 0, 0, 0, 0, 0, 0, 0, 0, 0, 0, 0]"
ionosphere,J+aB,PCA,500,0.0,0.0,0.0,"[0, 0, 0, 0, 0, 0, 0, 0, 0, 0, 0, 0, 0, 0, 0, 0, 0, 0, 0, 0, 0, 0, 0, 0, 0, 0, 0, 0, 0, 0, 0, 0, 0, 0, 0, 0, 0, 0, 0, 0, 0, 0, 0, 0, 0, 0, 0, 0, 0, 0, 0, 0, 0, 0, 0, 0, 0, 0, 0, 0, 0, 0, 0, 0, 0, 0, 0, 0, 0, 0, 0, 0, 0, 0, 0, 0, 0, 0, 0, 0, 0, 0, 0, 0, 0, 0, 0, 0, 0, 0, 0, 0, 0, 0, 0, 0, 0, 0, 0, 0]"
ionosphere,JaB,PCA,100,0.0,0.0,0.0,"[0, 0, 0, 0, 0, 0, 0, 0, 0, 0, 0, 0, 0, 0, 0, 0, 0, 0, 0, 0, 0, 0, 0, 0, 0, 0, 0, 0, 0, 0, 0, 0, 0, 0, 0, 0, 0, 0, 0, 0, 0, 0, 0, 0, 0, 0, 0, 0, 0, 0, 0, 0, 0, 0, 0, 0, 0, 0, 0, 0, 0, 0, 0, 0, 0, 0, 0, 0, 0, 0, 0, 0, 0, 0, 0, 0, 0, 0, 0, 0, 0, 0, 0, 0, 0, 0, 0, 0, 0, 0, 0, 0, 0, 0, 0, 0, 0, 0, 0, 0]"
ionosphere,JaB,PCA,200,0.0,0.0,0.0,"[0, 0, 0, 0, 0, 0, 0, 0, 0, 0, 0, 0, 0, 0, 0, 0, 0, 0, 0, 0, 0, 0, 0, 0, 0, 0, 0, 0, 0, 0, 0, 0, 0, 0, 0, 0, 0, 0, 0, 0, 0, 0, 0, 0, 0, 0, 0, 0, 0, 0, 0, 0, 0, 0, 0, 0, 0, 0, 0, 0, 0, 0, 0, 0, 0, 0, 0, 0, 0, 0, 0, 0, 0, 0, 0, 0, 0, 0, 0, 0, 0, 0, 0, 0, 0, 0, 0, 0, 0, 0, 0, 0, 0, 0, 0, 0, 0, 0, 0, 0]"
ionosphere,JaB,PCA,300,0.0,0.0,0.0,"[0, 0, 0, 0, 0, 0, 0, 0, 0, 0, 0, 0, 0, 0, 0, 0, 0, 0, 0, 0, 0, 0, 0, 0, 0, 0, 0, 0, 0, 0, 0, 0, 0, 0, 0, 0, 0, 0, 0, 0, 0, 0, 0, 0, 0, 0, 0, 0, 0, 0, 0, 0, 0, 0, 0, 0, 0, 0, 0, 0, 0, 0, 0, 0, 0, 0, 0, 0, 0, 0, 0, 0, 0, 0, 0, 0, 0, 0, 0, 0, 0, 0, 0, 0, 0, 0, 0, 0, 0, 0, 0, 0, 0, 0, 0, 0, 0, 0, 0, 0]"
ionosphere,JaB,IForest,100,0.038,0.108,0.089,"[0.0, 0.0, 0.0, 0, 0.0, 0.0, 0.10332, 0.0, 0.0, 0.0, 0.0, 0.21001, 0.0, 0.0, 0.0, 0.0, 0, 0.0, 0.40886, 0.08999, 0.09166, 0.0, 0.0, 0.0, 0.0, 0.08165, 0.0, 0.0, 0.0, 0.0, 0.0, 0.34417000000000003, 0.0, 0.0, 0, 0, 0.0, 0.0, 0.0, 0, 0.0, 0.06583, 0.0, 0.06499, 0.06166, 0.16832, 0.14747, 0.0, 0.0, 0.06833, 0, 0.0, 0, 0.0, 0.06833, 0, 0.07332, 0.01, 0.0, 0.0, 0.0, 0.0, 0.0, 0.0, 0.08749, 0.0, 0.0, 0.0, 0.0, 0.07666, 0.0, 0.0, 0, 0.0, 0.0, 0, 0, 0.0, 0.0, 0.10248, 0.0, 0.0, 0.28485, 0.28501, 0.0, 0, 0.0, 0.49621, 0.0, 0, 0.14832, 0.0, 0.19833, 0.0, 0, 0.0, 0.09499, 0.0, 0.0, 0.0]"
breastw,JaB,PCA,100,0.042,0.207,0.091,"[0, 0, 0, 0, 0, 0, 0, 0.13876, 0, 0, 0, 0.17723, 0, 0.044700000000000004, 0, 0, 0, 0, 0.04874, 0, 0.29344, 0.0, 0.07948, 0.13014, 0.00819, 0.06415, 0, 0, 0.16641, 0.22649, 0, 0, 0, 0, 0, 0, 0, 0, 0, 0, 0.0, 0, 0, 0, 0, 0.10841, 0, 0, 0, 0, 0.22886, 0, 0, 0, 0.0025, 0, 0.0, 0, 0.0, 0, 0, 0, 0, 0, 0.24024, 0.02888, 0.07747, 0, 0.37052, 0, 0, 0, 0, 0.21358, 0, 0.20583, 0, 0.0, 0.025670000000000002, 0, 0, 0, 0.16587, 0, 0.46948, 0, 0.00875, 0, 0, 0, 0.22215000000000001, 0, 0, 0, 0.21411, 0, 0, 0, 0.23037, 0]"
breastw,JaB,PCA,200,0.013,0.005,0.048,"[0, 0, 0, 0.0, 0.0, 0.16716, 0, 0, 0.0, 0, 0.02785, 0.1434, 0, 0, 0, 0, 0, 0, 0.059590000000000004, 0, 0, 0.0, 0, 0.01194, 0, 0.0, 0, 0, 0, 0.01092, 0.0025, 0, 0, 0.00462, 0, 0, 0, 0, 0, 0, 0, 0, 0, 0, 0, 0, 0, 0, 0, 0, 0.27528, 0, 0, 0, 0.0, 0, 0.0, 0, 0, 0, 0, 0.0, 0, 0, 0.19368, 0, 0.10399, 0, 0, 0.0, 0, 0, 0, 0, 0, 0, 0, 0, 0, 0, 0, 0, 0, 0.26756, 0, 0.0, 0, 0, 0, 0, 0, 0, 0, 0, 0, 0, 0, 0, 0, 0.0]"
pima,JaB,PCA,100,0.0,0.0,0.0,"[0, 0, 0, 0, 0, 0, 0, 0, 0, 0, 0, 0, 0, 0, 0, 0, 0, 0, 0, 0, 0, 0, 0, 0, 0, 0, 0, 0, 0, 0, 0, 0, 0, 0, 0, 0, 0, 0, 0, 0, 0, 0, 0, 0, 0, 0, 0, 0, 0, 0, 0, 0, 0, 0, 0, 0, 0, 0, 0, 0, 0, 0, 0, 0, 0, 0, 0, 0, 0, 0, 0, 0, 0, 0, 0, 0, 0, 0, 0, 0, 0, 0, 0, 0, 0, 0, 0, 0, 0, 0, 0, 0, 0, 0, 0, 0, 0, 0, 0, 0]"
pima,JaB,PCA,200,0.0,0.0,0.0,"[0, 0, 0, 0, 0, 0, 0, 0, 0, 0, 0, 0, 0, 0, 0, 0, 0, 0, 0, 0, 0, 0, 0, 0, 0, 0, 0, 0, 0, 0, 0, 0, 0, 0, 0, 0, 0, 0, 0, 0, 0, 0, 0, 0, 0, 0, 0, 0, 0, 0, 0, 0, 0, 0, 0, 0, 0, 0, 0, 0, 0, 0, 0, 0, 0, 0, 0, 0, 0, 0, 0, 0, 0, 0, 0, 0, 0, 0, 0, 0, 0, 0, 0, 0, 0, 0, 0, 0, 0, 0, 0, 0, 0, 0, 0, 0, 0, 0, 0, 0]"
breastw,JaB,PCA,100,0.032,0.152,0.078,"[0, 0, 0, 0, 0, 0.07954, 0, 0, 0, 0, 0, 0.16633, 0, 0, 0, 0, 0, 0, 0.18473, 0, 0.0, 0.05834, 0, 0.00833, 0.23605, 0.0, 0, 0, 0, 0.32592, 0.06821, 0.05246, 0, 0, 0, 0, 0, 0, 0, 0, 0, 0, 0, 0, 0, 0, 0.0, 0, 0, 0, 0.12413, 0, 0, 0, 0, 0.22596, 0, 0, 0.01456, 0, 0.0, 0, 0, 0.03743, 0.40124, 0.0328, 0, 0.00944, 0.05982, 0.31685, 0, 0, 0, 0.07316, 0.16487, 0, 0, 0.0, 0, 0.0, 0, 0, 0, 0, 0.01222, 0.00625, 0, 0, 0, 0, 0, 0, 0, 0.15129, 0.15576, 0.21998, 0.0, 0, 0, 0]"
breastw,JaB,PCA,200,0.009,0.012,0.034,"[0, 0, 0, 0, 0, 0, 0, 0.0, 0.0, 0, 0, 0.04502, 0, 0, 0, 0, 0, 0, 0.03367, 0, 0, 0, 0.0, 0.12334, 0, 0.07653, 0, 0, 0, 0, 0.04626, 0, 0, 0, 0, 0, 0, 0, 0, 0, 0, 0, 0, 0, 0.0, 0, 0, 0, 0, 0, 0, 0, 0, 0, 0, 0.0, 0, 0, 0, 0, 0, 0, 0, 0, 0.26455, 0, 0, 0, 0, 0.00978, 0, 0, 0, 0, 0, 0, 0.0, 0.05563, 0, 0, 0, 0, 0, 0, 0.0, 0.11355, 0, 0, 0, 0, 0, 0, 0, 0, 0, 0, 0, 0.06644, 0, 0.09451999999999999]"
breastw,JaB,PCA,300,0.011,0.005,0.045,"[0, 0, 0, 0, 0, 0.2298, 0.0, 0, 0, 0, 0, 0.0, 0, 0, 0, 0, 0, 0, 0, 0, 0.0053300000000000005, 0, 0, 0, 0, 0.006, 0, 0, 0, 0, 0, 0.05148, 0.00462, 0, 0.0, 0, 0, 0, 0, 0, 0, 0, 0, 0, 0, 0, 0.02882, 0, 0, 0, 0, 0, 0, 0.03469, 0, 0.04441, 0, 0, 0, 0, 0, 0, 0, 0, 0.23999, 0, 0.19244, 0, 0, 0.00924, 0, 0, 0, 0, 0, 0, 0, 0, 0, 0, 0, 0, 0, 0, 0, 0.2489, 0, 0.00375, 0, 0, 0, 0, 0, 0, 0, 0, 0, 0, 0, 0]"
breastw,JaB,PCA,400,0.001,0.0,0.007,"[0, 0, 0, 0, 0, 0, 0, 0, 0, 0, 0, 0, 0, 0, 0, 0, 0, 0, 0, 0, 0, 0, 0, 0, 0, 0, 0, 0, 0, 0, 0, 0, 0, 0, 0, 0, 0, 0, 0, 0, 0, 0, 0, 0, 0, 0, 0, 0, 0, 0, 0, 0, 0, 0, 0, 0, 0, 0, 0, 0.00417, 0, 0, 0, 0, 0.06935, 0, 0, 0, 0, 0, 0, 0, 0, 0, 0, 0, 0, 0, 0.003, 0, 0, 0, 0, 0, 0, 0, 0, 0, 0.00375, 0, 0, 0, 0, 0, 0, 0, 0, 0, 0, 0]"
breastw,JaB,PCA,500,0.001,0.0,0.005,"[0, 0, 0, 0, 0, 0, 0, 0, 0, 0, 0, 0, 0, 0, 0, 0, 0, 0, 0, 0, 0, 0, 0, 0, 0, 0, 0, 0, 0, 0, 0, 0, 0, 0, 0, 0, 0, 0, 0, 0, 0, 0, 0, 0, 0, 0, 0, 0, 0, 0, 0, 0, 0, 0.00125, 0, 0, 0, 0, 0, 0, 0, 0, 0, 0, 0, 0, 0.02606, 0, 0, 0, 0, 0, 0, 0, 0, 0, 0, 0, 0, 0, 0, 0, 0, 0, 0, 0, 0, 0.03828, 0, 0, 0, 0.00167, 0, 0, 0, 0, 0, 0, 0, 0]"
breastw,JaB,PCA,100,0.047,0.249,0.103,"[0, 0, 0.24852, 0, 0, 0.0075, 0, 0, 0, 0.2502, 0.00364, 0.00417, 0.0, 0.04502, 0, 0, 0, 0.00364, 0, 0.2711, 0.21497, 0.13523, 0.0, 0.0, 0, 0.03844, 0, 0, 0.00375, 0, 0, 0, 0, 0, 0, 0, 0, 0, 0, 0, 0, 0, 0, 0, 0.0, 0.04218, 0, 0, 0, 0, 0.33173, 0, 0, 0, 0, 0.00864, 0.0, 0, 0, 0, 0, 0, 0, 0.0, 0.3391, 0, 0.08246, 0.24191, 0.4304, 0.28178, 0, 0, 0, 0.36392, 0, 0.22566, 0.1447, 0, 0.0, 0.0025, 0, 0, 0.0, 0, 0.30696, 0, 0, 0.06117, 0, 0, 0, 0.25966, 0, 0, 0.27189, 0, 0, 0, 0.05464, 0]"
ionosphere,JaB,PCA,100,0.0,0.0,0.0,"[0, 0, 0, 0, 0, 0, 0, 0, 0, 0, 0, 0, 0, 0, 0, 0, 0, 0, 0, 0, 0, 0, 0, 0, 0, 0, 0, 0, 0, 0, 0, 0, 0, 0, 0, 0, 0, 0, 0, 0, 0, 0, 0, 0, 0, 0, 0, 0, 0, 0, 0, 0, 0, 0, 0, 0, 0, 0, 0, 0, 0, 0, 0, 0, 0, 0, 0, 0, 0, 0, 0, 0, 0, 0, 0, 0, 0, 0, 0, 0, 0, 0, 0, 0, 0, 0, 0, 0, 0, 0, 0, 0, 0, 0, 0, 0, 0, 0, 0, 0]"
ionosphere,JaB,PCA,200,0.0,0.0,0.0,"[0, 0, 0, 0, 0, 0, 0, 0, 0, 0, 0, 0, 0, 0, 0, 0, 0, 0, 0, 0, 0, 0, 0, 0, 0, 0, 0, 0, 0, 0, 0, 0, 0, 0, 0, 0, 0, 0, 0, 0, 0, 0, 0, 0, 0, 0, 0, 0, 0, 0, 0, 0, 0, 0, 0, 0, 0, 0, 0, 0, 0, 0, 0, 0, 0, 0, 0, 0, 0, 0, 0, 0, 0, 0, 0, 0, 0, 0, 0, 0, 0, 0, 0, 0, 0, 0, 0, 0, 0, 0, 0, 0, 0, 0, 0, 0, 0, 0, 0, 0]"
ionosphere,JaB,PCA,300,0.0,0.0,0.0,"[0, 0, 0, 0, 0, 0, 0, 0, 0, 0, 0, 0, 0, 0, 0, 0, 0, 0, 0, 0, 0, 0, 0, 0, 0, 0, 0, 0, 0, 0, 0, 0, 0, 0, 0, 0, 0, 0, 0, 0, 0, 0, 0, 0, 0, 0, 0, 0, 0, 0, 0, 0, 0, 0, 0, 0, 0, 0, 0, 0, 0, 0, 0, 0, 0, 0, 0, 0, 0, 0, 0, 0, 0, 0, 0, 0, 0, 0, 0, 0, 0, 0, 0, 0, 0, 0, 0, 0, 0, 0, 0, 0, 0, 0, 0, 0, 0, 0, 0, 0]"
