dataset,method,model,mean,q90,std,raw
wine,SC,PCA,0.009,0.022,0.024,"[0, 0, 0.09535, 0, 0, 0, 0, 0, 0, 0, 0, 0, 0.0375, 0, 0, 0.0075, 0.00797, 0, 0, 0, 0, 0.055, 0, 0, 0, 0, 0, 0, 0, 0, 0, 0.02, 0.005, 0, 0, 0.02115, 0.02, 0, 0, 0, 0, 0, 0, 0.0025, 0, 0, 0.017, 0.04867, 0, 0.0485, 0.0025, 0, 0, 0, 0, 0, 0, 0, 0, 0, 0, 0.0125, 0, 0.01, 0, 0, 0, 0, 0, 0, 0, 0.01001, 0.026, 0, 0, 0.022, 0, 0, 0.0025, 0.15767, 0.08035, 0, 0, 0, 0, 0, 0, 0, 0, 0.0465, 0, 0, 0, 0.0075, 0, 0, 0, 0, 0.09705, 0]"
wine,J,PCA,0.017,0.052,0.035,"[0, 0, 0.01378, 0, 0, 0, 0, 0.005, 0, 0.02, 0, 0, 0, 0, 0, 0.02, 0, 0, 0, 0, 0, 0.07602, 0, 0, 0.01, 0, 0, 0, 0.045, 0.01, 0.004, 0, 0.0225, 0, 0, 0.004, 0, 0, 0.065, 0, 0.03, 0.004, 0.03, 0.0045000000000000005, 0.025, 0.13532, 0, 0.12915, 0.20512, 0, 0, 0.025, 0, 0, 0.029, 0, 0, 0, 0.015340000000000001, 0, 0.02416, 0.10581, 0.05166, 0, 0, 0, 0, 0.015, 0.002, 0, 0.02332, 0.04333, 0, 0, 0, 0, 0, 0.03, 0, 0.10490000000000001, 0.037, 0, 0, 0.05333, 0, 0.015, 0, 0, 0, 0.051500000000000004, 0.02, 0.015, 0.0075, 0, 0.035, 0, 0, 0, 0.14791, 0]"
wine,J+,PCA,0.017,0.052,0.035,"[0, 0, 0, 0.01068, 0, 0, 0, 0.005, 0.02, 0, 0, 0, 0, 0, 0, 0.02, 0, 0, 0, 0, 0, 0.07602, 0, 0, 0, 0.01, 0, 0, 0.015, 0.01, 0, 0.0225, 0, 0, 0.004, 0.004, 0, 0, 0, 0.065, 0.03, 0.0045000000000000005, 0.004, 0.03, 0.025, 0, 0.13415, 0.20512, 0, 0.12915, 0, 0.025, 0, 0.0295, 0, 0, 0.015340000000000001, 0, 0, 0, 0.02416, 0, 0.10581, 0.05166, 0, 0, 0, 0.002, 0.015, 0, 0.03, 0, 0.04333, 0, 0, 0, 0, 0.03, 0, 0.0974, 0.037, 0.05333, 0, 0, 0, 0.015, 0, 0, 0, 0.051500000000000004, 0.02, 0.015, 0.0075, 0, 0.035, 0, 0, 0.14791, 0, 0]"
wine,CV,PCA,0.018,0.053,0.038,"[0, 0.025, 0.010110000000000001, 0, 0, 0, 0.01, 0, 0, 0, 0, 0, 0, 0, 0.02, 0, 0, 0, 0, 0, 0, 0.07752, 0, 0, 0, 0, 0, 0, 0.055, 0, 0.00734, 0.0225, 0, 0, 0, 0, 0.0165, 0, 0.065, 0, 0.03, 0.004, 0.03, 0.025, 0.0045000000000000005, 0.17577, 0, 0.22112, 0.12915, 0, 0, 0.03, 0, 0.04233, 0, 0, 0, 0.015340000000000001, 0, 0, 0.02416, 0.06415, 0.05333, 0, 0, 0, 0.002, 0, 0.015, 0, 0.02332, 0, 0, 0.12663, 0, 0, 0, 0.05166, 0, 0.0325, 0.05333, 0.032, 0, 0, 0, 0.015, 0, 0, 0, 0.04918, 0, 0.015, 0.02, 0, 0.15342, 0.0325, 0.035, 0, 0, 0.005]"
wine,CV+,PCA,0.017,0.051,0.036,"[0.025, 0.00725, 0, 0, 0.005, 0, 0, 0.02, 0, 0, 0, 0, 0, 0, 0.02, 0, 0, 0, 0, 0, 0, 0, 0.07534, 0, 0, 0, 0, 0, 0, 0.055, 0.00734, 0.0075, 0, 0.0165, 0, 0, 0, 0, 0.055, 0, 0.03, 0.004, 0.0045000000000000005, 0.03, 0, 0.19779, 0.025, 0.16414, 0.12915, 0, 0, 0, 0.0295, 0, 0.03, 0.00967, 0, 0, 0, 0, 0.02416, 0.06415, 0.05083, 0, 0, 0, 0, 0.002, 0.015, 0, 0.02332, 0, 0.03, 0.12663, 0, 0, 0, 0, 0, 0.01967, 0.007, 0, 0.05333, 0, 0, 0, 0.015, 0, 0, 0.04918, 0.02, 0.0225, 0.015, 0, 0, 0.035, 0, 0, 0.15058, 0.005]"
wbc,SC,PCA,0.16,0.422,0.168,"[0, 0, 0.28508, 0.044, 0, 0.40893, 0.40587, 0, 0, 0.226, 0.17373, 0, 0.195, 0, 0.1875, 0.14279, 0.179, 0.11466, 0.02215, 0.036270000000000004, 0, 0.3736, 0.06789, 0.345, 0, 0.44040999999999997, 0.53329, 0.3615, 0.1575, 0.015, 0.44782, 0, 0.49130999999999997, 0.06, 0.008579999999999999, 0, 0.52749, 0.4793, 0, 0, 0.256, 0.27627999999999997, 0.283, 0, 0.455, 0, 0.165, 0.17049999999999998, 0.23187, 0.03003, 0.05682, 0.2555, 0.075, 0, 0, 0.008579999999999999, 0, 0.379, 0.138, 0, 0.009, 0.11094, 0.05407, 0.30938, 0.25087, 0.0635, 0, 0.2655, 0.21441, 0.017159999999999998, 0.41133, 0.2015, 0, 0.01537, 0.45045999999999997, 0, 0.42, 0.23058, 0.003, 0.0435, 0.52535, 0.22197, 0, 0.03, 0, 0, 0.38522, 0.15, 0, 0.305, 0.0042899999999999995, 0.135, 0.01287, 0.05679, 0.291, 0, 0.12858, 0.46899, 0.40625, 0.25703]"
wbc,J,PCA,0.381,0.73,0.256,"[0.64, 0.64, 0.22, 0.5235, 0.075, 0.94, 0.22, 0, 0.6234999999999999, 0.5747, 0, 0.9, 0.0085, 0.56308, 0.85, 0.60584, 0.747, 0, 0.105, 0.4, 0.03948, 0.0825, 0.4301, 0.22, 0.47666, 0.4, 0.24979, 0.7675, 0.1125, 0.2905, 0.41129, 0.4, 0.121, 0.51194, 0.72705, 0, 0.185, 0.79, 0.17924, 0.52337, 0.5005, 0.58266, 0.4, 0.121, 0.434, 0.457, 0, 0.39273, 0.5628, 0.0525, 0.2985, 0.02002, 0.61025, 0.036, 0.394, 0.31536, 0.7295, 0.64978, 0.4, 0.22, 0.54152, 0.64, 0.46701, 0.75157, 0.102, 0.4, 0.64, 0.42062, 0.3295, 0.45153, 0.66308, 0.4, 0.39641, 0.41849, 0, 0.6149, 0.60459, 0, 0.57418, 0.15666, 0.155, 0.80758, 0.42003, 0.67841, 0, 0.105, 0.11699999999999999, 0.165, 0.03762, 0.1725, 0.15, 0.358, 0.04929, 0.73442, 0.89, 0.4, 0.54498, 0.37973, 0.50402, 0.15896]"
wbc,J+,PCA,0.377,0.727,0.254,"[0.22, 0, 0.89, 0.5235, 0.64, 0.6234999999999999, 0.64, 0.5747, 0.22, 0.075, 0.9, 0, 0.0085, 0, 0.627, 0.53808, 0.8, 0.60284, 0.4, 0.105, 0.4301, 0.7675, 0.0825, 0.03948, 0.2905, 0.22, 0.24979, 0.09, 0.47666, 0.4, 0.41129, 0.22, 0.185, 0, 0.79, 0.47944, 0.17924, 0.52337, 0.72705, 0.121, 0.5005, 0.58266, 0.457, 0.106, 0.39273, 0.4, 0.434, 0.0525, 0, 0.5628, 0.2985, 0.02002, 0.61025, 0.31536, 0.394, 0.036, 0.4, 0.7295, 0.64978, 0.22, 0.54152, 0.75057, 0.64, 0.46701, 0.4, 0.102, 0.64, 0.42062, 0.3295, 0.43903, 0.66308, 0.39641, 0.41849, 0.4, 0.6149, 0, 0, 0.60459, 0.57418, 0.15666, 0.155, 0.82758, 0.70425, 0.42003, 0.105, 0, 0.03762, 0.11699999999999999, 0.165, 0.1725, 0.15, 0.89, 0.358, 0.73972, 0.04929, 0.4, 0.15850999999999998, 0.51677, 0.37973, 0.54498]"
wbc,CV,PCA,0.377,0.735,0.277,"[0, 0.4, 0.22, 0.64, 0.709, 0.94, 0.816, 0, 0.58219, 0, 0.006, 0, 0.8817, 0.77164, 0, 0.64708, 0.80552, 0.73202, 0.412, 0.1365, 0.07808999999999999, 0.0975, 0.46419, 0.4, 0.4, 0.68708, 0.44716, 0.24979, 0.2905, 0.09, 0.4, 0.41129, 0.51694, 0, 0.70788, 0, 0.07974, 0.024, 0.94, 0.52337, 0.5185, 0.59626, 0.4, 0.39273, 0.236, 0.449, 0, 0, 0.0525, 0.5598, 0.291, 0.186, 0.050019999999999995, 0.76029, 0.31536, 0.03, 0.64, 0.719, 0.63758, 0.465, 0.57068, 0.81862, 0.4, 0.165, 0.1795, 0.51152, 0.4, 0.426, 0.4, 0.5707, 0.63455, 0.57333, 0.39979, 0.64, 0.63227, 0.65671, 0, 0.56518, 0, 0.15666, 0, 0.03066, 0, 0.2005, 0.04, 0.82674, 0, 0.26115, 0.1575, 0.1665, 0.1875, 0.89, 0.4, 0.4205, 0.53628, 0.04929, 0.71426, 0.51973, 0.26462, 0.54419]"
wbc,CV+,PCA,0.358,0.725,0.279,"[0, 0.4, 0.22, 0.64, 0.94, 0, 0.709, 0.58219, 0, 0.8535, 0, 0.006, 0.85, 0.797, 0, 0.412, 0.79336, 0.75657, 0.56208, 0.1365, 0.03948, 0.0825, 0.45119, 0.17629, 0.722, 0.44716, 0.4, 0.03, 0.22, 0.2905, 0.41129, 0.4, 0.51094, 0.52337, 0, 0, 0.70788, 0, 0.07178999999999999, 0.94, 0.5185, 0.236, 0.4, 0.58568, 0, 0.0525, 0.39273, 0, 0.454, 0.5598, 0.304, 0.71028, 0.04629, 0.036, 0.419, 0.31536, 0.64, 0.65288, 0.03, 0.22, 0.53901, 0.8288, 0.4, 0.51679, 0.4, 0.426, 0.4, 0.1795, 0.132, 0.53041, 0.64706, 0.31729, 0.39333, 0.4, 0, 0.65108, 0, 0.65671, 0.11499999999999999, 0.58368, 0, 0.02658, 0.82716, 0.04, 0, 0, 0.06228, 0.1665, 0.1995, 0.1575, 0.4205, 0.1875, 0.89, 0.04929, 0.69426, 0.52928, 0.26850999999999997, 0.4, 0.51973, 0.54419]"
ionosphere,SC,PCA,0.068,0.229,0.094,"[0.04, 0, 0.3562, 0, 0.1995, 0, 0.015050000000000001, 0, 0.03, 0.068, 0.0225, 0.22916, 0.04385, 0.1055, 0.015, 0, 0, 0, 0.25464, 0, 0, 0.13029, 0.015, 0.25446, 0, 0, 0, 0.13733, 0.31865, 0, 0.22688, 0, 0, 0, 0.13025, 0, 0, 0, 0.00873, 0, 0, 0, 0.173, 0.1025, 0, 0.21656, 0.11371, 0.065, 0.23164, 0.18586, 0.01805, 0, 0, 0.087, 0.11469, 0.045, 0.015, 0.015, 0.0075, 0, 0, 0, 0, 0, 0.147, 0, 0.015, 0, 0, 0.0075, 0.0225, 0.0535, 0, 0.0385, 0.24952, 0, 0.015, 0.156, 0, 0.22224, 0.23494, 0.0225, 0.16986, 0.0075, 0.28757, 0, 0.0225, 0.1325, 0.2916, 0, 0, 0.078, 0.055, 0.12933, 0.0225, 0.041, 0.30444, 0, 0, 0.078]"
ionosphere,J,PCA,0.293,0.411,0.074,"[0.29849, 0.35936, 0.28768, 0.24, 0.33, 0.32053, 0.36203, 0.24, 0.27, 0.288, 0.24422, 0.305, 0.28465, 0.45067, 0.37268, 0.268, 0.17808, 0.213, 0.2, 0.2635, 0.35751, 0.26, 0.201, 0.41484, 0.2795, 0.43032, 0.24744, 0.347, 0.22, 0.23, 0.295, 0.44684, 0.25, 0.41919, 0.2375, 0.28, 0.30836, 0.28379, 0.33162, 0.1185, 0.24, 0.3375, 0.33601, 0.2735, 0.195, 0.41102, 0.42649, 0.37837, 0.1525, 0.32186, 0.28, 0.16, 0.2, 0.238, 0.41051, 0.32419, 0.25, 0.275, 0.26983, 0.265, 0.25, 0.18, 0.2, 0.33267, 0.3235, 0.26, 0.2685, 0.28, 0.28, 0.35301, 0.18, 0.27851, 0.24895, 0.33337, 0.28, 0.33284, 0.32143, 0.186, 0.39705, 0.2375, 0.2725, 0.37721, 0.42669, 0.41964, 0.37635, 0.37578, 0.35218, 0.35052, 0.30167, 0.276, 0.2455, 0.253, 0.47701, 0.32668, 0.32935, 0.26, 0.21, 0.165, 0.26, 0.24]"
ionosphere,J+,PCA,0.286,0.396,0.074,"[0.24, 0.26429, 0.38003, 0.26, 0.22, 0.37435, 0.33, 0.288, 0.28672, 0.32053, 0.24136, 0.305, 0.28036, 0.213, 0.268, 0.45067, 0.37268, 0.2635, 0.16808, 0.2, 0.43032, 0.2735, 0.34218, 0.201, 0.26, 0.24458, 0.41484, 0.31867, 0.21, 0.23, 0.44684, 0.39752, 0.2375, 0.28379, 0.285, 0.25, 0.265, 0.28, 0.33677, 0.1185, 0.24, 0.33, 0.32685, 0.195, 0.2735, 0.35337, 0.39433, 0.42482000000000003, 0.1325, 0.31436, 0.16, 0.28, 0.41051, 0.19, 0.238, 0.26, 0.28, 0.25, 0.24983, 0.265, 0.21, 0.18, 0.3235, 0.2, 0.2685, 0.26, 0.28933, 0.28, 0.28, 0.313, 0.27851, 0.28, 0.18, 0.24895, 0.2495, 0.33337, 0.31743, 0.186, 0.39578, 0.24, 0.42669, 0.38054, 0.2625, 0.4234, 0.35218, 0.36468, 0.36578, 0.2755, 0.30167, 0.276, 0.253, 0.2355, 0.21, 0.45701, 0.31918, 0.24, 0.32935, 0.16, 0.26, 0.24]"
ionosphere,CV,PCA,0.285,0.403,0.08,"[0.36769, 0.2962, 0.196, 0.24, 0.26, 0.28768, 0.39003, 0.28, 0.237, 0.3512, 0.34618, 0.204, 0.32364, 0.33469, 0.26036, 0.1855, 0.34151, 0.40217, 0.1975, 0.1845, 0.3773, 0.42832, 0.41068, 0.26, 0.201, 0.17858, 0.21, 0.42401, 0.22, 0.30984, 0.44684, 0.3125, 0.27, 0.38835000000000003, 0.29253, 0.265, 0.27194, 0.28129, 0.0885, 0.28, 0.2, 0.24, 0.35686, 0.1975, 0.36234, 0.3407, 0.36821, 0.40432, 0.33986, 0.0995, 0.18, 0.27, 0.40718, 0.218, 0.27, 0.26, 0.27, 0.235, 0.2225, 0.2035, 0.2, 0.15, 0.278, 0.18, 0.3235, 0.19, 0.2795, 0.22, 0.313, 0.24, 0.18, 0.28601, 0.43202, 0.2, 0.22, 0.31337, 0.32281, 0.186, 0.42859, 0.24, 0.306, 0.2525, 0.40317000000000003, 0.42831, 0.38253, 0.35218, 0.33261, 0.339, 0.2305, 0.27, 0.39886, 0.36968, 0.25, 0.40534, 0.30918, 0.29, 0.30264, 0.185, 0.26, 0.195]"
ionosphere,CV+,PCA,0.282,0.406,0.082,"[0.37769, 0.31235999999999997, 0.2025, 0.28, 0.2, 0.28672, 0.39003, 0.35037, 0.24, 0.2325, 0.30118, 0.26036, 0.183, 0.1975, 0.1835, 0.32364, 0.255, 0.32869, 0.204, 0.40217, 0.18408, 0.42832, 0.26, 0.34084, 0.41068, 0.37301, 0.196, 0.42051, 0.18, 0.26, 0.38835000000000003, 0.31, 0.27017, 0.29253, 0.28129, 0.44184, 0.265, 0.27, 0.28, 0.0885, 0.19, 0.24, 0.1925, 0.3217, 0.35686, 0.30786, 0.37017, 0.31768, 0.42267, 0.0995, 0.18, 0.28, 0.218, 0.40718, 0.235, 0.26, 0.26, 0.1935, 0.27, 0.2225, 0.19, 0.37686000000000003, 0.2, 0.2745, 0.15, 0.13, 0.272, 0.21, 0.22, 0.35301, 0.2, 0.19, 0.28601, 0.24, 0.43202, 0.3342, 0.32481, 0.186, 0.42645, 0.24, 0.2625, 0.306, 0.41096, 0.42748, 0.3105, 0.33128, 0.38253, 0.2305, 0.27, 0.335, 0.40534, 0.30918, 0.39886, 0.36968, 0.2943, 0.25, 0.26, 0.191, 0.26, 0.195]"
breastw,SC,PCA,0.602,0.811,0.248,"[0.79228, 0.64429, 0.76615, 0.81355, 0.12117, 0.7533, 0.63834, 0.7217399999999999, 0.56917, 0.01, 0.61372, 0.25906, 0.81738, 0.74392, 0.63181, 0.01, 0.69471, 0.82, 0.67031, 0.59005, 0.73135, 0.87129, 0.65786, 0.67633, 0.79484, 0.7439, 0.7891199999999999, 0.75317, 0.46523, 0.48813999999999996, 0.64195, 0.66346, 0.42214, 0.79314, 0.64956, 0.043000000000000003, 0.64386, 0.7571, 0.74675, 0.72194, 0.85242, 0.8482, 0.85472, 0.74795, 0.5998, 0.6976, 0.62747, 0.77628, 0.77088, 0.78064, 0.016, 0.68967, 0.80366, 0.01, 0.68885, 0.0175, 0.69426, 0.74674, 0.55819, 0.1607, 0.55397, 0.71699, 0.13755, 0.74491, 0.58703, 0.6064, 0.62929, 0.65515, 0.42075999999999997, 0.5564, 0.80931, 0.75108, 0.60248, 0.62707, 0.66645, 0.82053, 0.017, 0.78989, 0.722, 0.85687, 0.81019, 0.83909, 0.72722, 0.7315699999999999, 0.76, 0.80945, 0.04, 0.01, 0.03642, 0.69593, 0.77646, 0.72353, 0.58786, 0.73232, 0.68573, 0.54171, 0.50943, 0.5979099999999999, 0.67666, 0.01]"
breastw,J,PCA,0.781,0.896,0.087,"[0.79086, 0.74, 0.88537, 0.77778, 0.65895, 0.704, 0.6988099999999999, 0.80415, 0.62238, 0.747, 0.9379, 0.88181, 0.80906, 0.93082, 0.8699, 0.81338, 0.79996, 0.67751, 0.89, 0.79619, 0.74247, 0.83063, 0.76381, 0.86665, 0.75415, 0.89532, 0.76424, 0.79622, 0.69653, 0.69874, 0.86855, 0.75166, 0.7506, 0.81548, 0.86752, 0.73743, 0.70854, 0.69621, 0.73955, 0.7226, 0.9432, 0.87678, 0.77954, 0.77824, 0.93392, 0.8252, 0.77206, 0.84763, 0.90894, 0.84, 0.6942, 0.75563, 0.93, 0.9051, 0.78582, 0.7881, 0.86266, 0.70164, 0.69119, 0.70172, 0.67234, 0.75737, 0.70165, 0.65258, 0.73041, 0.66309, 0.7674, 0.78562, 0.76353, 0.6294, 0.95029, 0.78111, 0.82711, 0.80176, 0.6517999999999999, 0.83341, 0.60672, 0.8583, 0.82025, 0.73517, 0.64, 0.84656, 0.887, 0.88634, 0.70745, 0.92785, 0.75429, 0.72716, 0.9053, 0.80321, 0.70874, 0.72317, 0.78057, 0.58568, 0.68426, 0.84638, 0.88556, 0.78271, 0.61569, 0.78389]"
breastw,J+,PCA,0.78,0.905,0.087,"[0.79068, 0.74, 0.77778, 0.62238, 0.81105, 0.704, 0.88815, 0.65895, 0.6988099999999999, 0.737, 0.88181, 0.9379, 0.80906, 0.93374, 0.8699, 0.89, 0.81338, 0.79619, 0.79996, 0.67751, 0.7658699999999999, 0.74219, 0.8303, 0.86615, 0.75331, 0.90721, 0.79622, 0.76324, 0.69874, 0.69931, 0.7472, 0.75036, 0.86822, 0.79548, 0.86752, 0.70854, 0.68621, 0.73743, 0.72872, 0.74807, 0.9432, 0.77876, 0.78867, 0.93392, 0.86678, 0.77162, 0.84763, 0.8252, 0.90894, 0.82, 0.6942, 0.93, 0.75491, 0.9051, 0.7881, 0.69119, 0.78725, 0.85266, 0.70164, 0.69172, 0.67201, 0.70255, 0.75737, 0.6548, 0.78562, 0.73041, 0.76353, 0.7674, 0.66536, 0.6194, 0.78111, 0.95029, 0.84679, 0.6517999999999999, 0.80697, 0.60634, 0.86913, 0.83341, 0.82025, 0.73489, 0.64, 0.84656, 0.88634, 0.887, 0.70745, 0.72562, 0.92979, 0.72716, 0.90483, 0.80321, 0.70874, 0.8486, 0.72217, 0.68426, 0.58568, 0.7791399999999999, 0.78271, 0.60453, 0.88556, 0.79104]"
breastw,CV,PCA,0.747,0.898,0.134,"[0.79037, 0.78579, 0.89796, 0.76191, 0.65422, 0.68725, 0.76, 0.62037, 0.60838, 0.68702, 0.957, 0.67169, 0.83149, 0.17, 0.69906, 0.81745, 0.94, 0.67405, 0.82367, 0.79632, 0.74843, 0.82357, 0.83163, 0.8521, 0.80323, 0.81136, 0.50761, 0.76277, 0.69101, 0.76107, 0.75625, 0.72514, 0.82381, 0.80146, 0.72308, 0.84782, 0.71817, 0.70893, 0.72279, 0.76502, 0.93808, 0.85026, 0.6923, 0.87709, 0.96, 0.77676, 0.68647, 0.82587, 0.90667, 0.87, 0.69179, 0.56987, 0.93, 0.9031, 0.78088, 0.76044, 0.73003, 0.86727, 0.5, 0.72141, 0.66885, 0.70823, 0.56548, 0.6441, 0.7232999999999999, 0.84439, 0.77125, 0.76118, 0.63523, 0.66671, 0.71031, 0.86979, 0.90625, 0.65355, 0.80266, 0.61266, 0.90083, 0.8544, 0.67924, 0.74298, 0.73, 0.88634, 0.86049, 0.63813, 0.73018, 0.077, 0.77953, 0.71357, 0.80243, 0.91519, 0.72592, 0.7843, 0.70445, 0.58974, 0.69236, 0.57191, 0.81278, 0.85391, 0.85831, 0.6263299999999999]"
breastw,CV+,PCA,0.742,0.902,0.139,"[0.8283200000000001, 0.79116, 0.67036, 0.89879, 0.75, 0.64959, 0.66282, 0.62113, 0.64334, 0.62288, 0.957, 0.66415, 0.16, 0.83402, 0.67838, 0.81607, 0.67254, 0.93, 0.79143, 0.7918499999999999, 0.7618, 0.79914, 0.83207, 0.84658, 0.806, 0.50178, 0.8109999999999999, 0.75198, 0.72157, 0.68187, 0.82259, 0.75482, 0.69714, 0.7837, 0.87557, 0.71736, 0.71214, 0.7221, 0.7065899999999999, 0.7782, 0.84889, 0.92808, 0.63591, 0.92205, 0.77895, 0.95, 0.67394, 0.82415, 0.90667, 0.85, 0.89, 0.54717, 0.69274, 0.75528, 0.90639, 0.78529, 0.76062, 0.86826, 0.47, 0.71473, 0.66805, 0.71519, 0.48675, 0.64607, 0.7271799999999999, 0.8253, 0.72411, 0.77954, 0.67028, 0.62112, 0.92146, 0.90109, 0.69065, 0.65655, 0.80944, 0.61266, 0.86844, 0.90833, 0.74186, 0.67484, 0.72, 0.85016, 0.88634, 0.647, 0.06, 0.73914, 0.75835, 0.72844, 0.9295, 0.80048, 0.7048099999999999, 0.77937, 0.72298, 0.59402, 0.68489, 0.55589, 0.77514, 0.87812, 0.62368, 0.85778]"
musk,SC,PCA,0.818,0.879,0.05,"[0.91927, 0.84898, 0.85566, 0.81427, 0.82774, 0.79979, 0.83738, 0.86121, 0.8195399999999999, 0.75012, 0.85176, 0.7936799999999999, 0.83893, 0.77816, 0.87911, 0.8095, 0.70547, 0.87849, 0.74634, 0.69356, 0.84355, 0.84698, 0.81669, 0.70575, 0.76218, 0.76536, 0.89463, 0.81048, 0.73985, 0.75224, 0.86298, 0.89822, 0.79469, 0.7981199999999999, 0.84465, 0.85272, 0.83821, 0.76898, 0.82211, 0.81591, 0.84341, 0.77846, 0.76176, 0.83115, 0.8893, 0.88203, 0.82447, 0.72621, 0.81492, 0.84099, 0.81458, 0.85276, 0.82611, 0.8292, 0.76451, 0.85413, 0.75843, 0.81725, 0.85908, 0.91037, 0.8582, 0.82134, 0.88372, 0.77605, 0.79831, 0.80186, 0.79552, 0.82423, 0.83241, 0.76537, 0.82196, 0.84651, 0.7299, 0.77992, 0.82889, 0.84487, 0.91599, 0.79337, 0.8293, 0.94996, 0.77061, 0.87843, 0.88849, 0.85999, 0.8222, 0.75227, 0.80769, 0.8172, 0.78532, 0.83513, 0.84132, 0.7985099999999999, 0.81521, 0.73228, 0.80693, 0.74608, 0.7513, 0.87597, 0.84783, 0.8058]"
musk,CV,PCA,0.819,0.88,0.044,"[0.82556, 0.8517899999999999, 0.72104, 0.8513999999999999, 0.83363, 0.80831, 0.78471, 0.7976, 0.85275, 0.76873, 0.85686, 0.84393, 0.83062, 0.78527, 0.73453, 0.88147, 0.8263, 0.82633, 0.79473, 0.88925, 0.82398, 0.86792, 0.70535, 0.80755, 0.7627700000000001, 0.803, 0.8141, 0.91112, 0.79568, 0.84612, 0.85407, 0.88025, 0.86279, 0.79747, 0.83226, 0.79578, 0.86212, 0.80482, 0.826, 0.77933, 0.88733, 0.80844, 0.7537, 0.79643, 0.77013, 0.78471, 0.9068, 0.74797, 0.81802, 0.8515699999999999, 0.81109, 0.85391, 0.79447, 0.83571, 0.82596, 0.78995, 0.89774, 0.79279, 0.83419, 0.82806, 0.81889, 0.83365, 0.89622, 0.78366, 0.82925, 0.75375, 0.84523, 0.82764, 0.79106, 0.8401, 0.76687, 0.84606, 0.82485, 0.79193, 0.89466, 0.74337, 0.84919, 0.83027, 0.89399, 0.79502, 0.78405, 0.83907, 0.84523, 0.80968, 0.90615, 0.83554, 0.78179, 0.87099, 0.77902, 0.84634, 0.85228, 0.8243, 0.81009, 0.75748, 0.77191, 0.77682, 0.87495, 0.77055, 0.72351, 0.81448]"
musk,CV+,PCA,0.824,0.881,0.044,"[0.82618, 0.8596699999999999, 0.72435, 0.7849, 0.82659, 0.7796, 0.84082, 0.85355, 0.85192, 0.79985, 0.81645, 0.84671, 0.85962, 0.893, 0.81916, 0.7383, 0.78781, 0.79914, 0.82681, 0.87505, 0.86665, 0.81044, 0.82014, 0.70693, 0.91075, 0.81715, 0.84963, 0.76514, 0.80583, 0.82012, 0.88781, 0.8544499999999999, 0.86902, 0.81575, 0.86489, 0.83887, 0.80835, 0.8344, 0.81236, 0.77745, 0.81534, 0.77169, 0.88619, 0.80629, 0.79188, 0.85503, 0.75452, 0.90142, 0.7784, 0.82204, 0.81266, 0.842, 0.8768, 0.7924599999999999, 0.78775, 0.83896, 0.79477, 0.84178, 0.83327, 0.89976, 0.83965, 0.89622, 0.83151, 0.85078, 0.79536, 0.82322, 0.79943, 0.76527, 0.8515699999999999, 0.83364, 0.76545, 0.84088, 0.79521, 0.82735, 0.90022, 0.74175, 0.84798, 0.9278, 0.84162, 0.77465, 0.79796, 0.84403, 0.83927, 0.8240999999999999, 0.78405, 0.91359, 0.78292, 0.87425, 0.82735, 0.85451, 0.85828, 0.84364, 0.8164399999999999, 0.7597, 0.77525, 0.7726, 0.88007, 0.77355, 0.73685, 0.8143]"
pima,SC,PCA,0.012,0.043,0.027,"[0, 0, 0, 0, 0, 0.02222, 0.00518, 0, 0.08529, 0.027, 0, 0, 0, 0, 0.039169999999999996, 0.054, 0, 0.0025, 0, 0, 0, 0, 0, 0.0425, 0, 0, 0.0028599999999999997, 0, 0, 0, 0, 0.04886, 0, 0.0174, 0, 0, 0, 0, 0, 0, 0.0365, 0, 0, 0, 0, 0.023799999999999998, 0, 0, 0.12909, 0.02, 0, 0.0025, 0, 0, 0, 0.0095, 0.05564, 0, 0.05453, 0, 0.0205, 0, 0, 0, 0.02229, 0.01375, 0, 0.004, 0.051770000000000004, 0, 0.005, 0.0025, 0, 0, 0, 0, 0, 0, 0.039, 0, 0.015, 0, 0, 0.00586, 0.10088, 0, 0, 0, 0, 0, 0.006500000000000001, 0.1536, 0, 0.06977, 0, 0, 0.0315, 0.006500000000000001, 0, 0]"
pima,J,PCA,0.028,0.098,0.045,"[0.005, 0, 0.19982, 0, 0.06219, 0.015, 0, 0.02, 0.11249, 0, 0, 0, 0, 0.021670000000000002, 0, 0.06667000000000001, 0.015, 0.03555, 0, 0.01, 0, 0, 0, 0, 0, 0, 0.025, 0.02, 0.02286, 0.02834, 0, 0.025, 0.005, 0, 0, 0, 0.07334, 0.015, 0, 0, 0, 0.08499, 0, 0.04786, 0.06537, 0.035, 0.02, 0, 0.19174, 0.115, 0, 0, 0.04167, 0, 0.19376000000000002, 0, 0.015, 0, 0.035, 0.01, 0.01, 0.05001, 0.04667, 0, 0.06334000000000001, 0.01286, 0, 0.00231, 0.015, 0.03, 0.005, 0, 0, 0, 0, 0.021500000000000002, 0.01, 0.045, 0.03472, 0, 0, 0.16467, 0.005, 0, 0, 0.12775, 0.015, 0, 0, 0.005, 0.004, 0.10869, 0.09667, 0.10499, 0.10583000000000001, 0.015, 0.037, 0.005, 0, 0.01]"
pima,J+,PCA,0.027,0.087,0.045,"[0.19732, 0.005, 0, 0, 0.057190000000000005, 0.015, 0, 0.02, 0.11249, 0, 0, 0, 0, 0, 0.03555, 0.021670000000000002, 0.06667000000000001, 0.015, 0, 0.01, 0, 0, 0, 0, 0.025, 0, 0.02, 0, 0.02286, 0.02834, 0.025, 0.005, 0, 0, 0, 0.015, 0, 0.07334, 0, 0, 0.035, 0, 0, 0.08499, 0, 0.04786, 0.06537, 0.02, 0.19198, 0.10333, 0.04167, 0, 0, 0, 0.1971, 0, 0, 0.015, 0.01, 0.035, 0.01, 0, 0.04667, 0.05001, 0.06334000000000001, 0, 0.01286, 0.00231, 0.03, 0.015, 0, 0.005, 0, 0, 0, 0.01, 0.045, 0.021500000000000002, 0.03472, 0, 0, 0.158, 0.005, 0, 0.12775, 0, 0.015, 0, 0, 0.005, 0.004, 0.10583000000000001, 0.08167, 0.10869, 0.037, 0.10499, 0.005, 0.015, 0, 0.01]"
pima,CV,PCA,0.027,0.075,0.042,"[0.005, 0, 0, 0.15132, 0, 0.015, 0.05885, 0.02, 0.06083, 0, 0, 0, 0.008719999999999999, 0, 0.005, 0.07167, 0.03619, 0.015, 0, 0.01, 0, 0, 0, 0.025, 0, 0.004, 0.02386, 0.02, 0, 0.025, 0.025, 0.005, 0, 0, 0.07334, 0, 0.015, 0, 0, 0, 0, 0.0855, 0.037, 0.04786, 0, 0.061970000000000004, 0, 0.02, 0.11489, 0.15272, 0, 0, 0.04167, 0.20311, 0, 0, 0, 0.015, 0.035, 0.01, 0, 0.0225, 0.07167, 0.047, 0.01, 0.09733, 0, 0.01286, 0.01, 0.035, 0.005, 0, 0, 0.004, 0, 0.01, 0, 0.045, 0.02833, 0, 0.16467, 0, 0, 0.01667, 0.104, 0, 0, 0, 0.015, 0.005, 0.0165, 0.13535, 0.05333, 0.07167, 0.031670000000000004, 0.13666, 0, 0.015, 0, 0.01]"
pima,CV+,PCA,0.025,0.072,0.04,"[0.005, 0, 0, 0.13432, 0, 0.015, 0, 0.04719, 0.02, 0.05583, 0, 0, 0.0028599999999999997, 0.015, 0, 0.005, 0.03619, 0, 0.01, 0.07167, 0, 0, 0, 0, 0.025, 0.02, 0, 0.02386, 0, 0.02834, 0.02667, 0.005, 0, 0, 0, 0.015, 0, 0.06334000000000001, 0, 0, 0.11467000000000001, 0, 0.04786, 0.037, 0, 0.061970000000000004, 0, 0.02, 0.14631, 0.095, 0.04167, 0, 0, 0.194, 0, 0, 0, 0.015, 0.01, 0.035, 0.0225, 0.04667, 0.0495, 0, 0.01, 0, 0.01286, 0.099, 0.01, 0.035, 0, 0.004, 0.005, 0, 0, 0, 0.045, 0.01, 0.02833, 0, 0, 0.158, 0, 0.0745, 0.01667, 0, 0, 0.015, 0, 0.005, 0.005, 0.10669000000000001, 0.07167, 0.031670000000000004, 0.045, 0.015, 0.13433, 0, 0, 0.01]"
annthyroid,SC,PCA,0.807,0.876,0.056,"[0.7845799999999999, 0.77457, 0.8200500000000001, 0.79024, 0.74717, 0.79597, 0.82803, 0.8717, 0.76495, 0.80774, 0.7955099999999999, 0.89456, 0.7578, 0.88955, 0.80337, 0.8826, 0.74156, 0.79509, 0.67948, 0.7161, 0.76993, 0.67769, 0.8738, 0.93423, 0.74803, 0.72214, 0.84303, 0.73212, 0.90923, 0.86428, 0.79426, 0.87861, 0.82241, 0.87596, 0.78917, 0.83983, 0.84053, 0.87941, 0.79696, 0.86718, 0.71222, 0.92006, 0.81636, 0.83707, 0.82567, 0.81152, 0.79265, 0.73206, 0.81303, 0.8307, 0.79855, 0.8841, 0.75863, 0.87303, 0.8503000000000001, 0.86086, 0.85324, 0.74453, 0.81872, 0.83125, 0.82809, 0.80822, 0.87298, 0.74032, 0.80273, 0.79249, 0.73466, 0.8627, 0.82093, 0.83921, 0.87061, 0.78581, 0.8057, 0.86295, 0.70954, 0.75507, 0.81333, 0.73625, 0.79603, 0.81999, 0.76923, 0.86798, 0.75286, 0.78115, 0.79714, 0.73166, 0.79356, 0.74159, 0.9125, 0.82499, 0.80633, 0.85474, 0.77419, 0.76683, 0.85567, 0.68323, 0.79741, 0.82779, 0.79808, 0.72905]"
annthyroid,CV,PCA,0.825,0.879,0.049,"[0.80308, 0.7968, 0.88353, 0.8206, 0.88404, 0.85043, 0.80013, 0.80892, 0.847, 0.87144, 0.80879, 0.85088, 0.84704, 0.8639, 0.84355, 0.82634, 0.83786, 0.83621, 0.75945, 0.69083, 0.71031, 0.79017, 0.74579, 0.88029, 0.92145, 0.79725, 0.79496, 0.80355, 0.81232, 0.87557, 0.86558, 0.8783, 0.8299300000000001, 0.81586, 0.89295, 0.87887, 0.80676, 0.90469, 0.81219, 0.85997, 0.94352, 0.77083, 0.74943, 0.84641, 0.8635, 0.85512, 0.79742, 0.84458, 0.79994, 0.73005, 0.78446, 0.86489, 0.8695, 0.76972, 0.83698, 0.83886, 0.87884, 0.80387, 0.78962, 0.84235, 0.84452, 0.84907, 0.87414, 0.78744, 0.81976, 0.80491, 0.87152, 0.73866, 0.86503, 0.82792, 0.83835, 0.88003, 0.81382, 0.83883, 0.85166, 0.76675, 0.82999, 0.90049, 0.76695, 0.83487, 0.78379, 0.85834, 0.82141, 0.77183, 0.86471, 0.73172, 0.78988, 0.76485, 0.8906, 0.85842, 0.84247, 0.86204, 0.81195, 0.78475, 0.85522, 0.71572, 0.80518, 0.8596, 0.81265, 0.71669]"
annthyroid,CV+,PCA,0.825,0.88,0.047,"[0.77613, 0.79918, 0.82086, 0.80185, 0.88296, 0.89113, 0.85275, 0.81184, 0.8531299999999999, 0.86139, 0.85207, 0.84956, 0.8549, 0.84997, 0.81059, 0.81911, 0.83567, 0.83856, 0.76326, 0.69121, 0.78862, 0.71392, 0.87989, 0.81481, 0.79908, 0.92151, 0.74899, 0.87912, 0.79755, 0.81029, 0.83256, 0.89425, 0.86694, 0.8823300000000001, 0.79688, 0.87782, 0.81264, 0.88541, 0.81578, 0.85982, 0.84575, 0.74852, 0.78375, 0.86431, 0.79756, 0.93272, 0.84547, 0.73477, 0.8561300000000001, 0.80096, 0.78639, 0.86987, 0.76897, 0.83958, 0.83021, 0.87008, 0.82933, 0.80663, 0.78953, 0.87703, 0.84995, 0.87192, 0.83461, 0.78668, 0.82262, 0.7387900000000001, 0.80769, 0.83192, 0.86792, 0.87099, 0.81796, 0.88107, 0.83577, 0.82926, 0.84943, 0.90097, 0.76659, 0.83092, 0.85178, 0.77035, 0.77958, 0.84321, 0.7717, 0.82477, 0.86529, 0.73029, 0.7918, 0.76794, 0.84937, 0.88188, 0.863, 0.85456, 0.7964600000000001, 0.81547, 0.85977, 0.7202, 0.81147, 0.81344, 0.865, 0.7191]"
mammography,SC,PCA,0.686,0.829,0.195,"[0.81641, 0.7715, 0.77463, 0.43415, 0.48424, 0.81167, 0.72585, 0.79564, 0.66736, 0.59815, 0.7518, 0.21741, 0.70396, 0.75773, 0.7123, 0.71909, 0.85644, 0.76971, 0.79429, 0.78547, 0.82578, 0.29686, 0.81088, 0.77633, 0.28446, 0.68145, 0.80256, 0.76815, 0.48199000000000003, 0.76087, 0.77473, 0.74712, 0.78063, 0.64352, 0.77575, 0.7788, 0.77498, 0.78794, 0.78653, 0.85761, 0.38865, 0.84934, 0.67282, 0.72117, 0.75276, 0.81125, 0.73363, 0.039959999999999996, 0.77366, 0.80703, 0.50612, 0.3064, 0.82053, 0.76727, 0.74732, 0.8292, 0.67272, 0.82047, 0.79513, 0.46506, 0.7362, 0.21625, 0.75036, 0.67516, 0.38586, 0.11064, 0.76413, 0.01715, 0.79115, 0.68225, 0.76049, 0.06616, 0.7611, 0.75451, 0.71856, 0.85018, 0.52183, 0.70132, 0.80915, 0.75493, 0.85538, 0.86527, 0.83235, 0.69405, 0.37836, 0.73812, 0.85492, 0.83094, 0.81962, 0.79486, 0.76849, 0.82209, 0.68083, 0.71869, 0.74813, 0.75553, 0.85892, 0.80546, 0.68532, 0.82417]"
mammography,CV,PCA,0.81,0.85,0.033,"[0.81623, 0.82084, 0.84374, 0.79563, 0.80544, 0.76249, 0.82343, 0.8304, 0.79226, 0.80417, 0.82165, 0.81771, 0.77205, 0.78509, 0.84949, 0.79233, 0.84605, 0.78699, 0.81909, 0.81896, 0.83252, 0.84048, 0.84344, 0.78302, 0.7881, 0.80731, 0.71202, 0.76872, 0.85106, 0.78294, 0.78, 0.83487, 0.76865, 0.81288, 0.7606, 0.81149, 0.84861, 0.82494, 0.84051, 0.77805, 0.81261, 0.79095, 0.79403, 0.79494, 0.86085, 0.83762, 0.79084, 0.74768, 0.76052, 0.79964, 0.82004, 0.80833, 0.83633, 0.81388, 0.82483, 0.79005, 0.82573, 0.81391, 0.75185, 0.82006, 0.84626, 0.72049, 0.74567, 0.82574, 0.80502, 0.80987, 0.83219, 0.84696, 0.8503000000000001, 0.86325, 0.82808, 0.78343, 0.77035, 0.8115, 0.79483, 0.74833, 0.83618, 0.8185, 0.79645, 0.85616, 0.82859, 0.84641, 0.84922, 0.82277, 0.83751, 0.85189, 0.79091, 0.8601, 0.81012, 0.85674, 0.77571, 0.8567, 0.82687, 0.8548, 0.78037, 0.86614, 0.75861, 0.80247, 0.83374, 0.77677]"
mammography,CV+,PCA,0.812,0.852,0.033,"[0.79617, 0.80825, 0.82164, 0.76455, 0.84585, 0.79673, 0.82158, 0.83295, 0.82708, 0.80704, 0.78676, 0.7738700000000001, 0.80981, 0.79923, 0.78847, 0.85229, 0.82047, 0.82484, 0.84766, 0.8211, 0.84644, 0.83374, 0.83627, 0.80027, 0.80755, 0.78693, 0.71859, 0.85426, 0.78072, 0.76861, 0.78144, 0.76865, 0.76189, 0.83627, 0.85132, 0.82709, 0.78007, 0.81908, 0.84189, 0.8128, 0.81653, 0.86444, 0.79358, 0.79204, 0.79661, 0.83794, 0.74955, 0.76194, 0.7923, 0.80471, 0.82043, 0.83284, 0.81398, 0.81482, 0.82736, 0.82988, 0.81625, 0.79535, 0.82355, 0.75083, 0.84748, 0.70376, 0.74762, 0.82555, 0.80673, 0.80574, 0.8343, 0.84845, 0.8648, 0.84111, 0.77129, 0.84074, 0.78654, 0.79479, 0.81333, 0.75048, 0.83645, 0.82095, 0.85616, 0.78878, 0.83049, 0.84878, 0.85129, 0.82338, 0.84459, 0.8524, 0.79296, 0.85901, 0.8111, 0.86216, 0.85739, 0.7794, 0.82717, 0.78297, 0.85461, 0.75983, 0.87015, 0.83115, 0.78318, 0.8089500000000001]"
shuttle,SC,PCA,0.826,0.855,0.026,"[0.8448, 0.80611, 0.80112, 0.8225, 0.79678, 0.8533499999999999, 0.82216, 0.82819, 0.84283, 0.83889, 0.795, 0.85063, 0.81532, 0.84212, 0.8468, 0.84926, 0.81569, 0.82414, 0.82808, 0.88517, 0.84018, 0.81593, 0.8424699999999999, 0.808, 0.84396, 0.83244, 0.79884, 0.78873, 0.8355, 0.81983, 0.82674, 0.82133, 0.8404, 0.81977, 0.79928, 0.76875, 0.85568, 0.7953, 0.83361, 0.79372, 0.8508, 0.79173, 0.84226, 0.80763, 0.90373, 0.81459, 0.87486, 0.83164, 0.80856, 0.84847, 0.83828, 0.78504, 0.85994, 0.84918, 0.84445, 0.85674, 0.85202, 0.80973, 0.79975, 0.85505, 0.83996, 0.79788, 0.86447, 0.87432, 0.84438, 0.83578, 0.8621, 0.77306, 0.78429, 0.80435, 0.77271, 0.81363, 0.8344199999999999, 0.80948, 0.80544, 0.82946, 0.80426, 0.83538, 0.78732, 0.79305, 0.83092, 0.82097, 0.79896, 0.8379, 0.84387, 0.83458, 0.7731, 0.79974, 0.85478, 0.8348, 0.82365, 0.83638, 0.81809, 0.84849, 0.85138, 0.85047, 0.82242, 0.7875300000000001, 0.83414, 0.84412]"
shuttle,CV,PCA,0.822,0.842,0.015,"[0.79854, 0.82651, 0.81988, 0.82677, 0.80511, 0.79349, 0.82536, 0.83774, 0.82889, 0.80676, 0.8078, 0.80719, 0.84473, 0.84405, 0.83163, 0.81224, 0.80872, 0.82389, 0.81964, 0.83411, 0.81588, 0.83244, 0.79532, 0.82287, 0.82688, 0.80567, 0.84136, 0.82201, 0.82886, 0.84172, 0.83092, 0.8175, 0.8368, 0.81149, 0.79735, 0.81151, 0.81879, 0.85389, 0.83688, 0.81931, 0.8283, 0.81533, 0.81152, 0.82768, 0.81256, 0.84002, 0.82409, 0.8485199999999999, 0.81714, 0.81582, 0.81938, 0.81125, 0.83077, 0.82549, 0.8208799999999999, 0.80895, 0.84019, 0.80976, 0.82269, 0.82965, 0.8527399999999999, 0.80288, 0.782, 0.84894, 0.82375, 0.84554, 0.79074, 0.82649, 0.82879, 0.81975, 0.8074, 0.81274, 0.81928, 0.82001, 0.83167, 0.78607, 0.81186, 0.81327, 0.84677, 0.82086, 0.80636, 0.8410299999999999, 0.80948, 0.82743, 0.82688, 0.82998, 0.8084, 0.84177, 0.82069, 0.81418, 0.83873, 0.81056, 0.80293, 0.84075, 0.85121, 0.82143, 0.82104, 0.82726, 0.83425, 0.81651]"
shuttle,CV+,PCA,0.828,0.848,0.015,"[0.8289, 0.82514, 0.8417, 0.80818, 0.80392, 0.79771, 0.83429, 0.83522, 0.81031, 0.83655, 0.80885, 0.84934, 0.83338, 0.8479099999999999, 0.81172, 0.81399, 0.82533, 0.81669, 0.82293, 0.83974, 0.79971, 0.83867, 0.80694, 0.84524, 0.82969, 0.8207, 0.83466, 0.826, 0.84295, 0.83047, 0.83407, 0.82901, 0.82545, 0.84193, 0.82465, 0.84054, 0.82977, 0.8552, 0.80158, 0.81961, 0.83981, 0.81926, 0.82008, 0.85087, 0.82616, 0.82599, 0.82861, 0.8351999999999999, 0.84589, 0.81454, 0.82219, 0.8257, 0.83492, 0.80944, 0.83543, 0.82557, 0.8133, 0.82622, 0.84099, 0.84545, 0.85379, 0.80699, 0.78867, 0.84844, 0.83792, 0.79699, 0.82676, 0.85125, 0.83979, 0.82299, 0.8124, 0.81696, 0.82596, 0.8399, 0.83214, 0.82592, 0.85127, 0.79462, 0.82805, 0.82869, 0.8091700000000001, 0.8440799999999999, 0.81588, 0.83556, 0.83396, 0.83975, 0.8278, 0.82426, 0.81997, 0.84765, 0.8475, 0.82796, 0.80777, 0.8522, 0.8285, 0.83051, 0.84637, 0.83757, 0.81879, 0.83875]"
fraud,SC,PCA,0.82,0.855,0.028,"[0.84717, 0.79848, 0.84522, 0.82199, 0.76705, 0.85516, 0.8022, 0.82903, 0.83711, 0.79887, 0.83262, 0.80495, 0.85766, 0.78483, 0.81526, 0.78091, 0.81799, 0.80062, 0.82726, 0.81509, 0.81845, 0.84789, 0.82328, 0.76324, 0.86595, 0.86319, 0.80055, 0.85169, 0.84855, 0.78136, 0.81713, 0.77878, 0.85164, 0.842, 0.83503, 0.82946, 0.79543, 0.83715, 0.7826, 0.77754, 0.82734, 0.87607, 0.81986, 0.8414, 0.76358, 0.81997, 0.81138, 0.77293, 0.83404, 0.84095, 0.83519, 0.8124, 0.77979, 0.7845, 0.85298, 0.83366, 0.7776, 0.78898, 0.84146, 0.77701, 0.79231, 0.81105, 0.83599, 0.85987, 0.85312, 0.8024, 0.80291, 0.83518, 0.80516, 0.83497, 0.82567, 0.86454, 0.86791, 0.82407, 0.83114, 0.84999, 0.79433, 0.85748, 0.84955, 0.79392, 0.86511, 0.85003, 0.8427, 0.80858, 0.78791, 0.81475, 0.78598, 0.8263199999999999, 0.82422, 0.77619, 0.8412499999999999, 0.83288, 0.86656, 0.7925800000000001, 0.81169, 0.76672, 0.83251, 0.82981, 0.8014, 0.82947]"
fraud,CV,PCA,0.819,0.827,0.006,"[0.81801, 0.81844, 0.82504, 0.8370299999999999, 0.82456, 0.81847, 0.81653, 0.819, 0.8233, 0.81486, 0.82188, 0.82294, 0.81279, 0.82186, 0.81629, 0.82006, 0.81176, 0.82275, 0.83457, 0.81456, 0.82644, 0.8088, 0.81053, 0.81241, 0.81796, 0.82074, 0.83148, 0.82577, 0.82316, 0.82366, 0.81578, 0.82043, 0.82823, 0.80579, 0.82582, 0.82426, 0.81437, 0.8227, 0.81745, 0.81703, 0.80037, 0.82289, 0.82834, 0.82298, 0.81533, 0.82132, 0.81611, 0.82145, 0.8224899999999999, 0.81228, 0.82142, 0.82081, 0.82143, 0.81838, 0.82299, 0.8136, 0.80363, 0.81166, 0.80627, 0.81614, 0.8233, 0.80505, 0.81884, 0.8153900000000001, 0.81383, 0.816, 0.81633, 0.81387, 0.8087799999999999, 0.81346, 0.81939, 0.82834, 0.81569, 0.81967, 0.82772, 0.8236, 0.82706, 0.81207, 0.81659, 0.81965, 0.81465, 0.82878, 0.82042, 0.82454, 0.81558, 0.81683, 0.82071, 0.81153, 0.81153, 0.81724, 0.81817, 0.81068, 0.82107, 0.82472, 0.82879, 0.81824, 0.81378, 0.81877, 0.81047, 0.82479]"
fraud,CV+,PCA,0.82,0.826,0.006,"[0.81524, 0.83086, 0.83635, 0.82303, 0.81493, 0.82613, 0.81699, 0.81596, 0.81732, 0.81847, 0.8137, 0.81906, 0.82096, 0.81527, 0.81815, 0.82515, 0.82267, 0.81316, 0.83112, 0.82267, 0.83318, 0.82068, 0.8083400000000001, 0.81948, 0.81201, 0.817, 0.82371, 0.82683, 0.82444, 0.82557, 0.82534, 0.8226, 0.81604, 0.82446, 0.82666, 0.82404, 0.81519, 0.82116, 0.82498, 0.81311, 0.8009, 0.81952, 0.81691, 0.82162, 0.82574, 0.82477, 0.82408, 0.81591, 0.81754, 0.82103, 0.82338, 0.80731, 0.81885, 0.81222, 0.81753, 0.82403, 0.81657, 0.81757, 0.81882, 0.82048, 0.82402, 0.81791, 0.8174, 0.8204400000000001, 0.80792, 0.81158, 0.81503, 0.81617, 0.8199, 0.8108, 0.82042, 0.81674, 0.82555, 0.8292, 0.81829, 0.81993, 0.8319799999999999, 0.82526, 0.81741, 0.82592, 0.81448, 0.81708, 0.81854, 0.81365, 0.81465, 0.83046, 0.82347, 0.82608, 0.81505, 0.82056, 0.8113, 0.81231, 0.81872, 0.82156, 0.80893, 0.82235, 0.8187, 0.8239, 0.82111, 0.82976]"
wine,SC,IForest,0.007,0.025,0.019,"[0.02417, 0.001, 0, 0, 0.03199, 0, 0, 0, 0, 0, 0, 0.0925, 0, 0, 0, 0.01072, 0, 0.0, 0, 0.031, 0.07369, 0, 0, 0, 0, 0, 0, 0, 0, 0.0028599999999999997, 0.015, 0, 0, 0, 0, 0.0042899999999999995, 0, 0.034, 0, 0, 0, 0, 0, 0, 0, 0, 0.00643, 0, 0.0025, 0, 0, 0, 0, 0, 0, 0, 0, 0, 0, 0, 0, 0, 0.005, 0, 0.039670000000000004, 0, 0, 0, 0, 0, 0.0025, 0, 0.015, 0.01897, 0, 0, 0, 0, 0, 0.08668000000000001, 0.06283, 0, 0.021, 0, 0.0535, 0, 0, 0, 0, 0.0025, 0, 0, 0, 0, 0, 0, 0, 0, 0.08751, 0.0025]"
wine,J,IForest,0.011,0.035,0.029,"[0.07454, 0, 0, 0, 0, 0, 0, 0, 0.005, 0, 0.0145, 0.02367, 0, 0.0045000000000000005, 0, 0, 0.0, 0, 0, 0, 0, 0, 0.06891, 0, 0, 0.01117, 0, 0, 0, 0, 0, 0, 0.002, 0, 0.00343, 0, 0.03422, 0, 0, 0, 0, 0, 0, 0.004, 0.09165, 0, 0.0115, 0.03866, 0.004, 0, 0, 0.0, 0, 0, 0, 0, 0.0095, 0, 0, 0, 0, 0, 0, 0, 0, 0, 0.025, 0.012, 0, 0, 0.05116, 0.002, 0, 0, 0.004, 0, 0, 0.07664, 0.02017, 0.15615, 0.02, 0, 0, 0, 0.06516, 0, 0, 0, 0.0608, 0.03475, 0, 0, 0, 0, 0.02843, 0, 0.16385, 0, 0, 0.024]"
wine,J+,IForest,0.01,0.035,0.025,"[0.00643, 0.03367, 0, 0.004, 0.017, 0, 0, 0.0025, 0, 0, 0.005, 0, 0.004, 0, 0.002, 0.002, 0, 0.10165, 0, 0, 0, 0, 0.08684, 0, 0, 0, 0, 0.0115, 0.0, 0.0, 0, 0, 0.0025, 0, 0, 0.0028599999999999997, 0.004, 0, 0, 0, 0, 0, 0, 0, 0.04916, 0, 0.017, 0, 0.011000000000000001, 0, 0, 0, 0.06165, 0, 0, 0, 0, 0.0195, 0, 0, 0.02166, 0, 0.08082, 0, 0, 0, 0, 0.0155, 0, 0.008, 0.06083, 0, 0, 0, 0, 0, 0, 0.0, 0.005, 0.1085, 0.06332, 0.0125, 0, 0, 0.04983, 0, 0, 0, 0.01943, 0.023870000000000002, 0, 0, 0, 0, 0, 0, 0, 0.11981, 0, 0.008]"
wine,CV,IForest,0.018,0.071,0.041,"[0, 0, 0.06678, 0, 0, 0.03617, 0, 0, 0, 0, 0, 0, 0, 0.002, 0, 0, 0.03833, 0, 0, 0, 0, 0, 0.05339, 0, 0.0, 0, 0, 0, 0.013000000000000001, 0.11916, 0, 0, 0, 0.0495, 0, 0.004, 0, 0, 0, 0.035, 0.0275, 0, 0, 0.006, 0, 0.009000000000000001, 0, 0.13283, 0.09764, 0, 0, 0.05749, 0.07998, 0.00367, 0, 0, 0, 0, 0, 0, 0.0, 0, 0, 0, 0.002, 0.02083, 0, 0, 0, 0, 0.16058, 0, 0.026, 0, 0, 0, 0, 0.06999, 0, 0.08596000000000001, 0.12355000000000001, 0.08274000000000001, 0, 0.0, 0, 0.26089, 0, 0, 0, 0.019010000000000003, 0, 0, 0, 0.0014299999999999998, 0, 0, 0, 0, 0.08664, 0.009430000000000001]"
wine,CV+,IForest,0.012,0.039,0.034,"[0, 0.0075, 0.01175, 0, 0, 0, 0, 0, 0, 0.03117, 0, 0, 0, 0, 0, 0.03333, 0.002, 0, 0, 0, 0.04917, 0, 0, 0, 0.0, 0, 0, 0.05166, 0, 0.0115, 0.0025, 0.015, 0, 0, 0, 0.004, 0.0039299999999999995, 0, 0, 0, 0, 0.002, 0, 0, 0.002, 0, 0, 0.07267, 0, 0.03833, 0, 0.035, 0.0, 0, 0, 0.002, 0, 0.0195, 0, 0, 0, 0.0025, 0, 0, 0, 0, 0, 0.008, 0.008, 0, 0.073, 0, 0.002, 0, 0, 0, 0, 0.08298, 0.09765, 0, 0.11497, 0.07447000000000001, 0, 0, 0, 0.25839, 0, 0, 0.03166, 0, 0, 0, 0, 0.01, 0, 0, 0, 0, 0, 0.06665]"
wbc,SC,IForest,0.174,0.476,0.186,"[0, 0.06534, 0.09, 0.54557, 0, 0, 0.37086, 0, 0.1266, 0, 0.03378, 0.12, 0, 0.43512, 0.09, 0.53399, 0.003, 0.49787, 0, 0.07212, 0.315, 0, 0.54164, 0.3765, 0.27056, 0, 0.51837, 0.13929, 0, 0.0975, 0.338, 0.28688, 0.1125, 0, 0.135, 0.03378, 0.30522, 0.32316, 0.46679, 0.165, 0.1425, 0.55501, 0.32873, 0, 0.53616, 0, 0, 0.33909, 0.4305, 0.24429, 0.06, 0.4406, 0, 0, 0, 0.58215, 0.135, 0.2045, 0, 0, 0.05154, 0, 0.1455, 0.06331, 0, 0.387, 0.2655, 0.2025, 0, 0.47423, 0.2625, 0, 0, 0, 0.12, 0.14553, 0.09558, 0.075, 0, 0.3805, 0.44086, 0.29517, 0, 0, 0.1125, 0.2467, 0, 0, 0.253, 0, 0, 0, 0.52251, 0.195, 0, 0.22444, 0.105, 0.47844, 0, 0.47565]"
wbc,J,IForest,0.586,0.882,0.256,"[0.33, 0.52, 0.52, 0.059519999999999997, 0.83237, 0.9, 0.22, 0.5625, 0.512, 0.8091, 0.8625, 0.4, 0.5775, 0.37428, 0.88001, 0.33, 0.52113, 0.41554, 0.69788, 0.92586, 0.8015, 0.85421, 0.52545, 0.63229, 0.51, 1.0, 0.4875, 0.52, 0.1305, 0.86797, 0.47963, 0.86737, 0.47408, 1.0, 0.75875, 0.52, 0.5415, 0.59395, 0.6365, 0, 0.32733, 0.4315, 0.55484, 0.85736, 0.2165, 0.50746, 0.55072, 0.393, 0.85281, 0, 0.7902, 0.5960799999999999, 0.8505, 0.858, 0.727, 0.47058, 0.77968, 0.4, 0.7775, 0.4, 0, 0.45461999999999997, 0.61083, 0.42816, 0.80416, 0.7985, 0.85221, 0.7494999999999999, 0.4, 0.5538, 0.6225, 0.27757, 0.9285, 0.12843, 0.76, 0.9, 0.92502, 0.22, 0.86, 0.7845, 0.11, 0.73522, 0.60928, 0.434, 0.68404, 0.22, 0.39249, 0.8992, 0.86118, 0.91436, 0.22, 0.8005, 0.69585, 0.89936, 0, 0.47934, 0.6592399999999999, 0.64182, 0.68018, 0.84121]"
wbc,J+,IForest,0.614,0.887,0.239,"[0.7525, 0.4, 0.52, 0.4, 0.52, 0.79, 0.059519999999999997, 0.8091, 0.592, 0.83237, 0.30378, 0.8625, 0.69788, 0.7425, 0.4, 0.39168, 0.92586, 0.86568, 0.52, 0.52029, 0.68729, 0.51, 0.53198, 0.732, 0.048, 0.76087, 0.52, 0.9, 0.84105, 0.94002, 0.5668, 1.0, 0.4, 0.86737, 0.52395, 0.77308, 0.59245, 0.5765, 0.555, 0.036, 0.14133, 0.55409, 0.84404, 0.542, 0.3565, 0.4859, 0.52072, 0.85281, 0.76458, 0.425, 0.7902, 0.62608, 0.8855, 0.93, 0.727, 0.7755, 0.47758, 0.4, 0.78634, 0.4, 0.4, 0.49294, 0.73283, 0.42921, 0.91487, 0.22, 0.85221, 0.717, 0.79351, 0.6183, 0.5425, 0.23607, 0.881, 0.9, 0.62, 0.92502, 0.15231, 0.375, 0.86, 0.7645, 0.22, 0.76981, 0.65594, 0.244, 0.67903, 0.9, 0.42399, 0.87118, 0.876, 0.86102, 0, 0.8205, 0.65753, 0.89936, 0.22, 0.48684, 0.67969, 0.6956, 0.63952, 0.82321]"
wbc,CV,IForest,0.645,0.901,0.239,"[0.52, 0.7535, 0.22, 0.33, 0.2352, 0.52, 0.4, 0.8142, 0.9, 0.64498, 0.9, 0.76652, 0.52677, 0.14328, 0.75058, 0.8575, 0.91919, 0.79919, 0, 0.92, 0.60537, 0.99, 0.71501, 0.7613, 0.2605, 0.36029, 0.9, 0.89, 0.753, 0.87835, 0.39713, 0.85137, 0.9, 0.78, 0.62574, 0.4, 0.43266, 0.6853, 0.7565, 0.325, 0.237, 0.93, 0.54129, 0.62434, 0.451, 0.5689299999999999, 0.48185, 0.7825, 0.783, 0.1, 0.7861899999999999, 0.8205, 0.70794, 0.89036, 0.91145, 0.56629, 0.4, 0.82136, 0.8122, 1.0, 0.93, 0.42406, 0.11216999999999999, 0.5735, 0.5271899999999999, 0.95091, 0.91052, 0.79, 0.755, 0.5642699999999999, 0.4, 0.45208, 0.2118, 0.711, 0.35, 0.655, 0.528, 0.88, 0.91701, 0.86, 0.78, 0.70905, 0.751, 0.22, 0.67903, 0.79, 0.5997399999999999, 0.83919, 0.88118, 0.86102, 0.22, 0.86, 0.67185, 0.89936, 0.52328, 0.44836, 0.518, 0.72824, 0.9, 0.72866]"
wbc,CV+,IForest,0.616,0.877,0.235,"[0.285, 0.22, 0.79, 0.52, 0.83237, 0.51287, 0.67356, 0.512, 0.22, 0.79, 0.91919, 0.8525, 0.52, 0.34878, 0.73187, 0.80734, 0.50465, 0.92586, 0.99, 0, 0.54229, 0.30645, 0.93, 0.84105, 0.94002, 0.9, 0.68129, 0.2605, 0.79, 0.78501, 0.85137, 0.4073, 0.805, 0.4, 0.63472, 0.22, 0.45644999999999997, 0.8615, 0.59074, 0.6165, 0.036, 0.85736, 0.489, 0.66484, 0.43523, 0.3565, 0.8, 0.53939, 0.506, 0.23, 0.78652, 0.34879, 0.47129, 0.4, 0.99429, 0.858, 0.935, 0.77968, 0.77384, 0.4, 0.45544, 0.43229, 0.79, 0.12237, 0.894, 0.5435, 0.87552, 0.73712, 0.4, 0.5868, 0.5425, 0.37707999999999997, 0.711, 0.4, 0.765, 0.85504, 0.11848, 0.368, 0.86, 0.76416, 0.79, 0.76022, 0.65378, 0.67386, 0.52, 0.76626, 0.4, 0.65899, 0.8145, 0.86102, 0.22, 0.86, 0.68416, 0.89936, 0.79, 0.52034, 0.6551899999999999, 0.61932, 0.63711, 0.7444999999999999]"
ionosphere,SC,IForest,0.027,0.112,0.05,"[0.026, 0.11333, 0, 0, 0.0225, 0, 0, 0.00486, 0.15831, 0.011, 0.14746, 0, 0, 0.005, 0.06338, 0, 0, 0.15222, 0, 0, 0, 0.0275, 0, 0, 0, 0.11554, 0.11208, 0.057, 0, 0, 0.003, 0, 0.13962, 0, 0, 0, 0, 0, 0.05856, 0, 0, 0, 0, 0.015, 0.08529, 0.0907, 0.0415, 0.18219, 0.09354, 0.19052, 0, 0, 0, 0.0075, 0, 0, 0, 0.003, 0.0415, 0, 0, 0, 0, 0, 0.0315, 0, 0, 0.0125, 0, 0, 0, 0.055, 0, 0, 0, 0, 0.19566, 0.0385, 0, 0, 0.08473, 0, 0.005, 0.09899000000000001, 0, 0, 0.04161, 0, 0.0028599999999999997, 0, 0, 0, 0.005, 0, 0.0042899999999999995, 0, 0, 0.16085, 0.008579999999999999, 0.0175]"
ionosphere,J,IForest,0.127,0.289,0.108,"[0.12, 0, 0.2967, 0, 0.22251, 0.23917, 0.40408, 0.3175, 0.18529, 0.14268, 0.28284, 0.02887, 0.03786, 0.012, 0.115, 0.006, 0, 0.127, 0.06415, 0.2185, 0.068, 0.021, 0.19938, 0.15408, 0, 0.046, 0, 0.0275, 0.17, 0, 0.0415, 0.1, 0, 0.24047, 0.16, 0.16962, 0.34934, 0.265, 0.02858, 0.006, 0.20267, 0.08, 0, 0.0775, 0.34651, 0.34468, 0.28754, 0.18338, 0.11068, 0.01, 0.00555, 0.17, 0.046, 0.03667, 0.0925, 0, 0.26618, 0.28835, 0.06266, 0.03, 0.14, 0.0475, 0.3, 0.18, 0, 0.09751, 0.11667, 0.092, 0.15, 0, 0.15167, 0, 0.09151, 0.24668, 0.15, 0.17, 0.08424, 0.29233, 0.1675, 0, 0.32935, 0.23172, 0.12817, 0.09079, 0.32102, 0.033, 0.27343, 0.0175, 0.004, 0.15887, 0.033, 0.0075, 0.27745, 0.025, 0.17, 0.1635, 0.06157, 0.198, 0.06, 0.17867]"
ionosphere,J+,IForest,0.119,0.232,0.095,"[0.1795, 0.19503, 0.25846, 0.14, 0.012, 0.0885, 0.23201, 0.2325, 0.142, 0.33736, 0.27817000000000003, 0.05, 0.0735, 0.0465, 0.006, 0.20103000000000001, 0.127, 0.015, 0, 0.39101, 0.064, 0.0645, 0.1, 0.144, 0.0625, 0.076, 0.081, 0.051, 0.13, 0, 0.0275, 0.0545, 0.12, 0.1, 0.19135, 0.1435, 0.14416, 0.17, 0.06814, 0, 0.0435, 0, 0.29968, 0.136, 0.14918, 0.21552, 0.32714, 0.31836, 0.13483, 0.03129, 0.00333, 0.19768, 0.18, 0, 0.03, 0.19535, 0.21, 0, 0.10166, 0, 0.13, 0.17, 0.006, 0.15336, 0.16, 0, 0.21, 0.031, 0.07, 0.1185, 0.21501, 0.01, 0.127, 0.14, 0.16, 0.02, 0.04129, 0.16668, 0.1665, 0, 0.22117, 0.21, 0.10083, 0.20485, 0.39019, 0.018, 0.1011, 0.26568, 0.036, 0.13, 0.0195, 0.044, 0.21733, 0.07112, 0.0695, 0.16, 0, 0.06, 0, 0.0925]"
ionosphere,CV,IForest,0.111,0.265,0.1,"[0.10066, 0.11357, 0.0075, 0.28105, 0.006, 0.17602, 0.05, 0.04844, 0.23984, 0.0185, 0.0175, 0.26478, 0, 0.17762, 0, 0, 0.2195, 0.0075, 0.19, 0.19168, 0.12, 0.221, 0.29144, 0.165, 0.019, 0.22, 0, 0.15, 0.01, 0, 0.0835, 0.07, 0, 0.0335, 0.145, 0.12, 0.1005, 0.13, 0, 0.29243, 0.21917, 0, 0.30752, 0.3363, 0.23534, 0.03, 0.12, 0, 0.21725, 0.0075, 0.01601, 0.0075, 0, 0.09, 0.03, 0.01, 0, 0, 0, 0, 0, 0.19, 0.09, 0.36022, 0.1675, 0.122, 0.12334, 0.12, 0.05, 0.16, 0.17334, 0.14688, 0.08, 0.15379, 0.18917, 0, 0.32721, 0.16, 0.0975, 0.06, 0.34369, 0.054830000000000004, 0.13266, 0.093, 0.03, 0.2964, 0.006, 0, 0.09, 0.26963, 0.187, 0.08016, 0.13634, 0.015, 0.19853, 0.05, 0.03, 0.04, 0.18667, 0.20168]"
ionosphere,CV+,IForest,0.11,0.244,0.096,"[0.03, 0.0755, 0, 0.05, 0.22083, 0.24285, 0.28102, 0.12, 0.076, 0.03096, 0, 0.101, 0.0195, 0, 0.30229, 0.04, 0.18101, 0.23669, 0.24085, 0.22268, 0.0435, 0.1075, 0.0985, 0, 0.124, 0.09, 0.055, 0.12, 0.032, 0.03, 0.1, 0.01, 0.0925, 0.148, 0.0515, 0.052, 0.12, 0.22602, 0.13, 0, 0.30535, 0.20334, 0.05, 0, 0.25503, 0.37259, 0.32179, 0.1804, 0.14462, 0.021, 0.15, 0.01, 0, 0.1285, 0.02429, 0.03, 0.0042899999999999995, 0.05, 0, 0, 0, 0.26067, 0.15, 0.14584, 0.12, 0.0325, 0, 0.13, 0.06, 0.23701, 0.16334, 0.101, 0.08429, 0.06, 0.24084, 0.1175, 0, 0.17649, 0.05, 0.12, 0.31801, 0.1925, 0.21062, 0.0555, 0.26779000000000003, 0, 0.30095, 0.0135, 0.15666, 0.13, 0.17534, 0, 0.0535, 0, 0.03, 0.22501, 0.01, 0.02, 0.07, 0.20668]"
breastw,SC,IForest,0.7,0.85,0.165,"[0.8136599999999999, 0.79626, 0.79465, 0.87107, 0.78788, 0.71065, 0.59685, 0.84858, 0.67226, 0.66392, 0.66618, 0.81911, 0.05, 0.73357, 0.73902, 0.6609, 0.508, 0.71086, 0.74052, 0.47825, 0.75373, 0.59945, 0.65407, 0.79606, 0.80752, 0.87217, 0.79548, 0.60452, 0.79782, 0.73495, 0.26213, 0.87488, 0.83739, 0.70222, 0.38183, 0.6342, 0.82185, 0, 0.63777, 0.75778, 0.91034, 0.46936, 0.78708, 0.86388, 0.78316, 0.80986, 0.8154, 0.88082, 0.78476, 0.54272, 0.78191, 0.62345, 0.52, 0.6513599999999999, 0.7352, 0.76734, 0.69875, 0.57991, 0.57381, 0.81675, 0.69606, 0.84148, 0.66814, 0.7207, 0.80207, 0.68405, 0.79974, 0.73107, 0.91939, 0.58902, 0.77712, 0.64304, 0.64373, 0.75538, 0.7157, 0.67628, 0.7953, 0.38, 0.86767, 0.77338, 0.74427, 0.63323, 0.77569, 0.13, 0.74188, 0.80638, 0.9321, 0.89471, 0.77921, 0.53, 0.74391, 0.80471, 0.70856, 0.72414, 0.5619999999999999, 0.6473, 0.82896, 0.7014199999999999, 0.64273, 0.79698]"
breastw,J,IForest,0.8,0.899,0.08,"[0.74347, 0.71583, 0.8586199999999999, 0.78876, 0.89975, 0.89205, 0.83972, 0.7857, 0.7955599999999999, 0.69317, 0.73442, 0.84944, 0.82204, 0.7954, 0.90119, 0.84808, 0.70768, 0.7190799999999999, 0.65942, 0.9069699999999999, 0.87092, 0.77168, 0.87367, 0.88321, 0.91419, 0.86247, 0.7408899999999999, 0.72606, 0.6624099999999999, 0.7499899999999999, 0.80028, 0.8442, 0.74117, 0.7109, 0.79112, 0.75592, 0.74632, 0.81277, 0.62942, 0.71186, 0.87, 0.73893, 0.87008, 0.89428, 0.89549, 0.76255, 0.80188, 0.75732, 0.83948, 0.83475, 0.69878, 0.89, 0.80133, 0.73206, 0.74377, 0.6857, 0.94616, 0.80288, 0.79398, 0.83568, 0.65595, 0.76729, 0.88421, 0.68821, 0.67859, 0.84913, 0.8424, 0.735, 0.91471, 0.6439, 0.87236, 0.88021, 0.89646, 0.94162, 0.67606, 0.93078, 0.7875, 0.88226, 0.7194, 0.89876, 0.86795, 0.76417, 0.82272, 0.89784, 0.7696, 0.72879, 0.86433, 0.88278, 0.92215, 0.90219, 0.7291, 0.73834, 0.73982, 0.70126, 0.76365, 0.87568, 0.82606, 0.7891199999999999, 0.67605, 0.82413]"
breastw,J+,IForest,0.802,0.913,0.083,"[0.8777699999999999, 0.6737, 0.86561, 0.74261, 0.7649, 0.75851, 0.79458, 0.78838, 0.71946, 0.93913, 0.79033, 0.72939, 0.72233, 0.88135, 0.87485, 0.67003, 0.72151, 0.77053, 0.79496, 0.86311, 0.75923, 0.86522, 0.87713, 0.69729, 0.92098, 0.74889, 0.83161, 0.80648, 0.82859, 0.72168, 0.7978, 0.83918, 0.74686, 0.74714, 0.70606, 0.73656, 0.62926, 0.77084, 0.83432, 0.6892199999999999, 0.90052, 0.88952, 0.95951, 0.80062, 0.78897, 0.83801, 0.83279, 0.92532, 0.83939, 0.81413, 0.69701, 0.96, 0.80867, 0.74297, 0.95902, 0.70586, 0.78844, 0.73211, 0.80685, 0.84736, 0.65776, 0.75178, 0.88226, 0.67272, 0.65681, 0.91278, 0.85411, 0.74382, 0.8736, 0.64715, 0.88783, 0.89269, 0.89508, 0.67447, 0.92191, 0.71313, 0.88485, 0.92159, 0.80838, 0.88892, 0.81518, 0.76362, 0.8245399999999999, 0.85483, 0.71938, 0.93365, 0.80059, 0.9114, 0.89555, 0.91397, 0.75028, 0.72692, 0.74899, 0.69817, 0.80715, 0.74244, 0.88165, 0.82459, 0.6749499999999999, 0.82177]"
breastw,CV,IForest,0.797,0.909,0.085,"[0.90901, 0.75933, 0.67964, 0.78546, 0.76545, 0.8988, 0.72382, 0.86913, 0.70208, 0.7742, 0.75695, 0.95, 0.81964, 0.87052, 0.86107, 0.72535, 0.62409, 0.87437, 0.67533, 0.7409, 0.88761, 0.69853, 0.91827, 0.82984, 0.75281, 0.75473, 0.83312, 0.77387, 0.8669, 0.7265199999999999, 0.77136, 0.7435, 0.91319, 0.70504, 0.74426, 0.74558, 0.83156, 0.65183, 0.6698, 0.7847999999999999, 0.91194, 0.88757, 0.857, 0.7979499999999999, 0.95337, 0.78302, 0.85535, 0.81378, 0.77721, 0.88575, 0.64769, 0.97, 0.76101, 0.79739, 0.74236, 0.94772, 0.70574, 0.82901, 0.79022, 0.81412, 0.65171, 0.82834, 0.88418, 0.88326, 0.66296, 0.86223, 0.86538, 0.62013, 0.74654, 0.66232, 0.89096, 0.84984, 0.91802, 0.93458, 0.72073, 0.81152, 0.71949, 0.8538, 0.85, 0.76808, 0.87614, 0.83677, 0.8117, 0.71532, 0.72908, 0.84364, 0.93069, 0.84888, 0.79058, 0.90439, 0.71434, 0.74791, 0.66324, 0.84365, 0.69723, 0.6855, 0.70955, 0.85862, 0.84382, 0.7852]"
breastw,CV+,IForest,0.798,0.903,0.082,"[0.85302, 0.77133, 0.719, 0.81062, 0.72544, 0.91271, 0.8801, 0.74969, 0.74146, 0.6881, 0.81181, 0.67945, 0.66702, 0.72539, 0.72572, 0.80066, 0.84807, 0.87369, 0.76996, 0.92988, 0.82346, 0.84594, 0.67071, 0.88806, 0.90292, 0.81057, 0.75434, 0.73133, 0.74069, 0.86251, 0.90409, 0.79018, 0.72629, 0.71979, 0.77706, 0.73776, 0.75475, 0.83158, 0.69154, 0.65232, 0.90927, 0.89457, 0.92652, 0.79339, 0.897, 0.90165, 0.73281, 0.81471, 0.79786, 0.87461, 0.67238, 0.98, 0.7425499999999999, 0.79498, 0.96061, 0.69835, 0.72676, 0.85246, 0.81567, 0.7902, 0.68312, 0.8036, 0.88112, 0.87469, 0.6575799999999999, 0.76641, 0.69598, 0.84856, 0.85877, 0.65679, 0.89315, 0.90201, 0.8164899999999999, 0.68284, 0.90519, 0.85503, 0.71313, 0.88125, 0.80585, 0.81511, 0.74448, 0.87719, 0.79423, 0.7274, 0.85142, 0.89107, 0.8033399999999999, 0.91727, 0.79807, 0.9158, 0.72002, 0.74843, 0.71123, 0.88041, 0.8222, 0.69563, 0.73494, 0.63128, 0.85672, 0.78674]"
musk,SC,IForest,0.406,0.841,0.37,"[0, 0.233, 0.73198, 0.59832, 0, 0.31211, 0, 0.0, 0.79055, 0, 0, 0.71125, 0, 0, 0.77233, 0, 0.65975, 0.43226, 0.0, 0.75623, 0.84122, 0.81502, 0, 0, 0, 0.05574, 0, 0.76156, 0.81592, 0.86701, 0.73274, 0.56342, 0.83619, 0.04954, 0.83193, 0, 0.33342, 0.49772, 0, 0.65817, 0.93929, 0.00822, 0.8646, 0.76427, 0.8369, 0, 0.77389, 0.73578, 0.82238, 0.84172, 0.0042899999999999995, 0.22819, 0.7107, 0.035, 0, 0.62868, 0.02276, 0.78424, 0.85657, 0.81014, 0, 0, 0.87181, 0, 0.7781399999999999, 0, 0.019, 0.85698, 0, 0.82614, 0.72188, 0, 0.12473, 0.8613, 0, 0.49007, 0, 0.074, 0.83267, 0.1035, 0.80698, 0.8897, 0.50529, 0.69767, 0, 0.44983, 0.13953, 0, 0.43541, 0, 0, 0.013000000000000001, 0.82997, 0, 0.82861, 0.77836, 0.61777, 0.89363, 0, 0.78058]"
musk,CV,IForest,0.253,0.828,0.343,"[0.65612, 0, 0.64215, 0.77021, 0.86592, 0.67482, 0.81906, 0.67724, 0, 0, 0.73717, 0.65531, 0, 0.0, 0.63813, 0.55017, 0, 0, 0.42408, 0, 0.226, 0.0, 0.77132, 0, 0.59958, 0, 0, 0.3216, 0, 0.79784, 0, 0, 0.78631, 0.48522, 0.84334, 0.07926, 0.83663, 0, 0.82825, 0.01142, 0.90237, 0, 0, 0.65783, 0, 0, 0, 0.31175, 0.89444, 0.87189, 0.089, 0.5262, 0.62095, 0, 0.0, 0.7153, 0.10274, 0, 0, 0, 0.04129, 0, 0, 0.82877, 0, 0.0, 0.16275, 0.88126, 0, 0.01542, 0, 0, 0, 0, 0.63731, 0, 0.0, 0.06298, 0.0, 0, 0, 0, 0, 0, 0.03664, 0, 0, 0.51814, 0.83487, 0, 0, 0, 0.93823, 0, 0.0, 0, 0.0, 0.0025, 0, 0]"
musk,CV+,IForest,0.062,0.099,0.196,"[0, 0, 0.01719, 0, 0, 0, 0, 0.41886, 0, 0, 0, 0, 0, 0, 0, 0, 0.0225, 0.02583, 0, 0, 0, 0.95048, 0, 0, 0, 0, 0, 0.59982, 0, 0, 0, 0.8691, 0.21114, 0.01, 0.03267, 0, 0.76825, 0, 0.06016, 0, 0, 0, 0, 0.7987, 0, 0, 0, 0, 0.09, 0.46, 0, 0, 0, 0, 0, 0, 0, 0, 0, 0, 0.17833, 0, 0.006, 0, 0, 0, 0, 0, 0, 0, 0, 0, 0, 0, 0, 0, 0, 0, 0.71924, 0, 0, 0, 0, 0, 0, 0, 0, 0, 0, 0, 0, 0, 0, 0, 0, 0, 0, 0, 0, 0]"
pima,SC,IForest,0.022,0.072,0.046,"[0.0025, 0, 0, 0, 0.08939, 0, 0, 0, 0, 0, 0, 0.027319999999999997, 0, 0.01841, 0.01111, 0.02368, 0.02269, 0, 0, 0.0175, 0.04021, 0, 0, 0, 0, 0.07042, 0, 0.005, 0.02, 0, 0, 0, 0.005, 0.01, 0.005, 0, 0, 0, 0, 0, 0, 0.015, 0, 0, 0.21213, 0, 0, 0.0175, 0.12177, 0, 0, 0.04479, 0, 0.01646, 0.031, 0, 0, 0.01773, 0.005, 0.006, 0.0125, 0, 0.21018, 0, 0.12517, 0.01472, 0, 0.01, 0.00364, 0, 0, 0, 0, 0.008, 0.006500000000000001, 0.18643, 0, 0, 0, 0, 0, 0.0175, 0.02562, 0.11655, 0.06375, 0.0175, 0.03858, 0, 0, 0, 0.005, 0, 0.11773, 0.15773, 0, 0.01409, 0.14019, 0.045, 0, 0.005]"
pima,J,IForest,0.04,0.116,0.052,"[0.03, 0.09783, 0, 0.04, 0, 0, 0, 0.065, 0.10112, 0.03, 0.06881, 0, 0, 0.13624, 0.21021, 0.02534, 0.14879, 0.08167, 0.015, 0.059949999999999996, 0, 0.02782, 0, 0, 0.02667, 0, 0.01814, 0, 0, 0.04166, 0.02834, 0, 0.060200000000000004, 0.025, 0.07501000000000001, 0.02732, 0, 0.01, 0, 0, 0.013340000000000001, 0.09031, 0.12243, 0.19836, 0, 0.045, 0, 0.025, 0.06167, 0.036, 0.11582, 0.04787, 0.00308, 0.010709999999999999, 0.006, 0.01, 0, 0.08367, 0.02, 0.03327, 0.037040000000000003, 0.11533, 0.07349, 0, 0.1133, 0, 0, 0.005, 0.0042899999999999995, 0.04333, 0, 0, 0.008, 0.011, 0.004, 0.01429, 0.04417, 0.03904, 0.1811, 0, 0, 0.18384, 0.04283, 0.10078000000000001, 0, 0.13782, 0, 0.01, 0, 0.015, 0.07629, 0, 0.13099, 0, 0, 0.0935, 0, 0.16622, 0, 0.005]"
pima,J+,IForest,0.025,0.064,0.029,"[0.10332, 0, 0.06302, 0.005, 0.01667, 0, 0.035, 0, 0, 0.06333, 0.004, 0.0175, 0.0653, 0.08498, 0.03538, 0, 0, 0.021670000000000002, 0.0468, 0.042249999999999996, 0, 0, 0.03, 0, 0, 0, 0.01942, 0.02834, 0.043340000000000004, 0, 0.025, 0.02, 0, 0, 0, 0, 0.04667, 0.025, 0, 0, 0, 0.0375, 0.035, 0.05667, 0, 0.07071, 0, 0.02834, 0.046060000000000004, 0.08503, 0.10301, 0, 0.00708, 0.03817, 0.06, 0, 0, 0.03, 0.021670000000000002, 0.03, 0.025, 0.05767, 0, 0.09828, 0.01, 0.04871, 0.0205, 0, 0.015, 0.035, 0, 0.005, 0, 0, 0.01, 0.01671, 0.021670000000000002, 0.061759999999999995, 0.035, 0, 0, 0.008, 0.055, 0.09583, 0.016, 0.0445, 0, 0, 0.035, 0.02, 0, 0.10867, 0.026000000000000002, 0, 0.015, 0.005, 0.11510000000000001, 0.0125, 0.02667, 0.005]"
pima,CV,IForest,0.031,0.102,0.042,"[0.025, 0.06583, 0.135, 0, 0, 0.075, 0, 0, 0.055, 0.045, 0, 0.05253, 0.005, 0, 0.03557, 0, 0.04621, 0, 0, 0, 0, 0, 0, 0.04834, 0.03, 0.05025, 0, 0, 0.02, 0, 0, 0.07, 0, 0.02, 0.005, 0.03067, 0, 0, 0, 0, 0.10996, 0.12465, 0.05667, 0.01, 0, 0.11341, 0, 0.02, 0.20986, 0, 0.10145, 0.11667, 0, 0.11918000000000001, 0, 0, 0, 0.02, 0.056170000000000005, 0.015, 0.09383, 0.09583, 0, 0.006, 0.021670000000000002, 0, 0.1028, 0, 0.015, 0.06121, 0.015, 0, 0, 0, 0.055, 0, 0.03372, 0.02286, 0.005, 0, 0, 0.006670000000000001, 0, 0.11999, 0, 0.03672, 0.10189, 0, 0, 0.021670000000000002, 0.07014000000000001, 0, 0.067, 0.0375, 0.04346, 0.02, 0, 0, 0.10166, 0.01]"
pima,CV+,IForest,0.026,0.068,0.038,"[0, 0.015, 0.03404, 0.03367, 0, 0.05, 0, 0, 0, 0.15649, 0, 0.03372, 0, 0, 0, 0.02975, 0.024, 0.025, 0.03234, 0, 0, 0.025, 0.02834, 0.06344, 0, 0.02, 0, 0, 0, 0.025, 0.035, 0, 0.02667, 0, 0, 0.01, 0, 0, 0.025, 0, 0.05167, 0.07083, 0.1378, 0, 0, 0, 0.01, 0.02834, 0.08719, 0.21905, 0, 0, 0.06101, 0, 0, 0, 0.058050000000000004, 0.04667, 0.10331, 0.005, 0.019, 0.03667, 0.03, 0, 0.12491000000000001, 0.01, 0.06071, 0.00571, 0, 0.025, 0, 0.015, 0, 0.07096, 0.02, 0, 0.06257, 0, 0, 0.02, 0, 0.09583, 0, 0.02, 0, 0.04647, 0, 0, 0.031670000000000004, 0.035, 0, 0.048670000000000005, 0.06817, 0.04, 0.03367, 0.05167, 0.07486, 0, 0.02667, 0]"
annthyroid,SC,IForest,0.57,0.829,0.28,"[0.28007, 0.84619, 0.79632, 0.0175, 0.5931, 0.18451, 0.81784, 0.756, 0.55674, 0.78309, 0.71181, 0.66307, 0.32767, 0.006670000000000001, 0.26996, 0, 0.76543, 0.69811, 0.75391, 0.74022, 0.69768, 0.39512, 0.7681, 0.7252, 0.86036, 0.76172, 0.69719, 0.74869, 0.15211, 0.32552000000000003, 0.81026, 0.04473, 0.82842, 0.74916, 0.52929, 0.02487, 0.17135, 0.49845, 0.060230000000000006, 0.09094, 0, 0.65914, 0.17087, 0.83573, 0.73745, 0.6644100000000001, 0.68399, 0.64446, 0.2541, 0.74564, 0.82656, 0.47977000000000003, 0.73958, 0.66684, 0.76484, 0.2175, 0.80132, 0.7464, 0.77446, 0.74779, 0.6703, 0.53414, 0.7692100000000001, 0.14562, 0.80729, 0.69207, 0.69176, 0.75952, 0.53803, 0.81577, 0.18234, 0.81181, 0.78328, 0.73931, 0.04584, 0.80844, 0.4011, 0.85685, 0, 0.01583, 0.02642, 0.76464, 0.7827500000000001, 0.5232, 0.82373, 0.84448, 0.5246, 0.68803, 0.56799, 0.71555, 0.85061, 0.23275, 0.91322, 0.80215, 0.84518, 0.33574, 0.85177, 0.83653, 0.61737, 0.70912]"
annthyroid,CV,IForest,0.584,0.819,0.27,"[0.83259, 0.7557, 0.24817, 0.04707, 0.81521, 0.6355, 0.0163, 0.75068, 0.55062, 0.54256, 0.8207, 0.78402, 0.79878, 0.78809, 0.82912, 0.45292, 0.80939, 0.85188, 0.67212, 0.67682, 0.20434, 0.76935, 0.42768, 0.71981, 0.8209, 0.33957, 0.75396, 0.75253, 0.76995, 0.74804, 0.80434, 0.36982, 0.84297, 0.058929999999999996, 0.43431000000000003, 0.6383, 0.72416, 0.49102, 0.84652, 0.14332, 0.7862, 0.77385, 0.56619, 0.8185, 0.66727, 0.6958300000000001, 0.4443, 0.49302, 0.53167, 0.75485, 0.80452, 0.80171, 0.1863, 0.04532, 0, 0.58414, 0.44226, 0.82172, 0.73052, 0.73001, 0.02361, 0.65983, 0.79298, 0.20154, 0.88937, 0.63247, 0.69026, 0.26856, 0.80985, 0.76311, 0.44623, 0.74646, 0.39222, 0.04268, 0, 0.16139, 0.80901, 0.12924, 0.73832, 0.53581, 0.74408, 0.76996, 0.79636, 0.35032, 0.78271, 0.8958, 0.74508, 0.76781, 0.73389, 0.77434, 0.00722, 0.69331, 0.78635, 0.78676, 0.81729, 0, 0.74941, 0.65445, 0.03702, 0.77589]"
annthyroid,CV+,IForest,0.625,0.799,0.183,"[0.77246, 0.55378, 0.45626, 0.55702, 0.55131, 0.21347, 0.24576, 0.79934, 0.77051, 0.66105, 0.69946, 0.20544, 0.66218, 0.59765, 0.74185, 0.7009299999999999, 0.22302, 0.41244, 0.80132, 0.7336, 0.72424, 0.73363, 0.87876, 0.78021, 0.44352, 0.77081, 0.71243, 0.58728, 0.66908, 0.69928, 0.61184, 0.59719, 0.77856, 0.59786, 0.21363, 0.75627, 0.5213, 0.8258800000000001, 0.84603, 0.75872, 0.75779, 0.73808, 0.45218, 0.62565, 0.64844, 0.80092, 0.82815, 0.70527, 0.67027, 0.76584, 0.70718, 0.61747, 0.0858, 0.77025, 0.7871, 0.5851500000000001, 0.57953, 0.73042, 0.5739, 0.5884199999999999, 0.78519, 0.72088, 0.38293, 0.8002900000000001, 0.51299, 0.7383, 0.75602, 0.6752, 0.44852, 0.73167, 0.36291, 0.80401, 0.58769, 0.22358, 0.76168, 0.46921, 0.81123, 0.34124, 0.61239, 0.45502, 0.7578, 0.22706, 0.77323, 0.74839, 0.29384, 0.61847, 0.73797, 0.71176, 0.7229, 0.84697, 0.38078, 0.78401, 0.73916, 0.73989, 0.70568, 0.76674, 0.62255, 0.59214, 0.15212, 0.76032]"
mammography,SC,IForest,0.732,0.85,0.127,"[0.71688, 0.55718, 0.84847, 0.73419, 0.65201, 0.83631, 0.77791, 0.79467, 0.83243, 0.67499, 0.6962700000000001, 0.60453, 0.7187, 0.70717, 0.75597, 0.76564, 0.38254, 0.88968, 0.82103, 0.83058, 0.79238, 0.85085, 0.44601, 0.80569, 0.70635, 0.81348, 0.88178, 0.76932, 0.15433, 0.60131, 0.81635, 0.61788, 0.79426, 0.74762, 0.75623, 0.79682, 0.73671, 0.85217, 0.85731, 0.79922, 0.8887700000000001, 0.73984, 0.74887, 0.77022, 0.43477, 0.77218, 0.9228, 0.77855, 0.84946, 0.73006, 0.68731, 0.53412, 0.55978, 0.67535, 0.79237, 0.80103, 0.79771, 0.49781, 0.83416, 0.71319, 0.85941, 0.81077, 0.74017, 0.79536, 0.5641, 0.70431, 0.75796, 0.73027, 0.67743, 0.82828, 0.79922, 0.70034, 0.31997, 0.86429, 0.8274, 0.74482, 0.70296, 0.63564, 0.82389, 0.82207, 0.84659, 0.65639, 0.79613, 0.79789, 0.82172, 0.66125, 0.724, 0.50983, 0.68676, 0.71459, 0.80122, 0.86091, 0.83431, 0.80724, 0.5102, 0.77632, 0.71926, 0.76738, 0.71318, 0.77264]"
mammography,CV,IForest,0.787,0.912,0.11,"[0.62612, 0.65233, 0.80641, 0.9140199999999999, 0.63, 0.82631, 0.95577, 0.90873, 0.76202, 0.70487, 0.74167, 0.76911, 0.73514, 0.94723, 0.73124, 0.75522, 0.7790900000000001, 0.82388, 0.8998, 0.76801, 0.92287, 0.77795, 0.86184, 0.89435, 0.92715, 0.71967, 0.71844, 0.84347, 0.79678, 0.78257, 0.75056, 0.6125, 0.84615, 0.69063, 0.94712, 0.79833, 0.84629, 0.89041, 0.6952200000000001, 0.62742, 0.85184, 0.8138, 0.6456, 0.9, 0.82634, 0.76238, 0.91598, 0.80542, 0.84637, 0.85767, 0.76188, 0.64, 0.79856, 0.86627, 0.8012, 0.77702, 0.82265, 0.69576, 0.94713, 0.65411, 0.91172, 0.83098, 0.76751, 0.74816, 0.76254, 0.89158, 0.15, 0.83192, 0.72651, 0.63, 0.86319, 0.75096, 0.79568, 0.77596, 0.86999, 0.80749, 0.61512, 0.8287599999999999, 0.89677, 0.80662, 0.77475, 0.81909, 0.67832, 0.96171, 0.81363, 0.69623, 0.84219, 0.91302, 0.86283, 0.81861, 0.55584, 0.70653, 0.74487, 0.90025, 0.8335, 0.83773, 0.74813, 0.74309, 0.8368099999999999, 0.69882]"
mammography,CV+,IForest,0.842,0.891,0.047,"[0.86796, 0.84789, 0.89041, 0.81732, 0.88139, 0.83436, 0.85092, 0.80416, 0.88954, 0.94481, 0.88222, 0.88103, 0.78525, 0.84363, 0.86943, 0.90532, 0.87494, 0.82531, 0.82665, 0.88539, 0.89645, 0.8653, 0.92919, 0.85234, 0.94382, 0.76323, 0.86934, 0.88273, 0.85703, 0.7977, 0.79732, 0.87839, 0.78853, 0.89324, 0.82886, 0.81227, 0.84737, 0.93809, 0.8103, 0.8896, 0.87918, 0.87902, 0.84141, 0.84318, 0.84873, 0.77947, 0.77325, 0.8328, 0.87793, 0.82571, 0.85249, 0.81932, 0.78799, 0.79737, 0.83246, 0.87499, 0.88915, 0.76366, 0.84701, 0.6999, 0.8861, 0.83969, 0.81519, 0.88137, 0.88265, 0.86688, 0.82067, 0.88137, 0.82294, 0.7508, 0.88874, 0.88611, 0.80409, 0.80261, 0.79521, 0.7689, 0.84733, 0.83062, 0.8507, 0.84434, 0.73157, 0.89814, 0.8095, 0.88754, 0.7980700000000001, 0.8190500000000001, 0.782, 0.78852, 0.84125, 0.84853, 0.77332, 0.75709, 0.85134, 0.82068, 0.81083, 0.9064800000000001, 0.88972, 0.90393, 0.84151, 0.83002]"
shuttle,SC,IForest,0.825,0.856,0.025,"[0.83033, 0.78547, 0.79208, 0.77266, 0.85791, 0.82946, 0.83935, 0.81266, 0.83683, 0.82629, 0.79303, 0.80928, 0.86066, 0.81531, 0.81811, 0.84128, 0.79757, 0.8306399999999999, 0.89128, 0.85623, 0.8527, 0.82996, 0.85398, 0.81898, 0.80627, 0.83178, 0.84579, 0.78449, 0.85609, 0.84729, 0.79365, 0.82619, 0.81352, 0.82562, 0.81138, 0.76544, 0.83767, 0.82141, 0.80576, 0.82694, 0.81244, 0.86782, 0.83833, 0.8245399999999999, 0.80687, 0.87593, 0.82781, 0.83737, 0.82168, 0.84728, 0.84206, 0.82411, 0.8402999999999999, 0.83891, 0.82832, 0.84193, 0.82975, 0.80903, 0.815, 0.83505, 0.80658, 0.78434, 0.84226, 0.82994, 0.85078, 0.7936, 0.83385, 0.83039, 0.81409, 0.82052, 0.78395, 0.80472, 0.79547, 0.84271, 0.79678, 0.83944, 0.79591, 0.77969, 0.84595, 0.84381, 0.78159, 0.83785, 0.79395, 0.82224, 0.83484, 0.82979, 0.8416, 0.86448, 0.78559, 0.85058, 0.83214, 0.81541, 0.86197, 0.85425, 0.8590099999999999, 0.86726, 0.81395, 0.75224, 0.82173, 0.84741]"
shuttle,CV,IForest,0.818,0.892,0.059,"[0.87072, 0.88548, 0.75195, 0.7237, 0.78711, 0.73386, 0.78029, 0.75194, 0.81134, 0.78688, 0.80325, 0.85734, 0.87095, 0.81642, 0.69846, 0.84705, 0.88096, 0.8561, 0.68341, 0.75562, 0.79885, 0.78629, 0.79638, 0.8588, 0.69607, 0.87157, 0.75192, 0.82973, 0.81617, 0.89296, 0.78883, 0.8247099999999999, 0.87915, 0.85643, 0.77687, 0.6555, 0.80424, 0.84676, 0.75053, 0.83039, 0.84744, 0.81914, 0.80271, 0.76107, 0.7366, 0.86221, 0.89694, 0.76956, 0.83945, 0.85216, 0.86204, 0.88485, 0.80653, 0.78372, 0.77267, 0.81092, 0.8278, 0.77913, 0.82309, 0.90835, 0.78151, 0.87202, 0.83682, 0.94016, 0.86971, 0.78656, 0.86441, 0.7178, 0.78896, 0.91073, 0.90096, 0.81355, 0.83669, 0.85907, 0.67952, 0.87104, 0.89031, 0.93316, 0.90379, 0.82145, 0.87023, 0.87651, 0.91374, 0.7728, 0.89176, 0.83626, 0.8933, 0.83578, 0.8062, 0.77396, 0.78359, 0.77331, 0.75513, 0.73245, 0.78843, 0.84741, 0.76664, 0.80759, 0.86447, 0.80537]"
shuttle,CV+,IForest,0.835,0.853,0.013,"[0.84435, 0.83048, 0.8329, 0.84162, 0.85799, 0.81387, 0.83509, 0.81467, 0.83663, 0.82729, 0.82925, 0.84424, 0.82944, 0.8313, 0.83215, 0.82712, 0.84902, 0.83278, 0.8305, 0.84313, 0.85673, 0.81086, 0.82541, 0.82503, 0.82619, 0.85203, 0.8509099999999999, 0.85615, 0.83348, 0.84143, 0.83627, 0.84337, 0.81575, 0.82826, 0.84938, 0.85112, 0.82841, 0.81821, 0.8152, 0.8396, 0.83909, 0.85236, 0.83411, 0.85264, 0.84361, 0.84239, 0.86637, 0.84296, 0.8581, 0.85341, 0.83112, 0.84645, 0.82193, 0.82103, 0.82419, 0.83696, 0.83394, 0.84727, 0.85105, 0.82664, 0.85497, 0.82342, 0.81306, 0.83544, 0.82515, 0.83914, 0.81985, 0.83218, 0.83408, 0.82829, 0.82026, 0.86019, 0.83936, 0.8475699999999999, 0.83852, 0.83992, 0.83606, 0.82018, 0.85669, 0.79728, 0.85185, 0.8689, 0.8306, 0.8247, 0.85188, 0.83248, 0.83369, 0.83037, 0.83025, 0.83785, 0.83265, 0.8327, 0.82501, 0.82326, 0.82884, 0.8302, 0.82938, 0.81179, 0.83899, 0.81862]"
fraud,SC,IForest,0.821,0.859,0.03,"[0.81702, 0.80574, 0.89869, 0.79264, 0.83036, 0.77865, 0.79098, 0.85442, 0.83939, 0.84231, 0.85122, 0.85849, 0.83125, 0.81987, 0.79612, 0.82328, 0.80542, 0.8296, 0.77698, 0.81411, 0.80035, 0.86124, 0.80953, 0.85922, 0.75634, 0.86951, 0.81632, 0.82439, 0.86107, 0.79232, 0.80463, 0.76616, 0.8390299999999999, 0.8265, 0.87596, 0.84462, 0.83796, 0.8068, 0.82523, 0.78034, 0.78489, 0.86346, 0.8068, 0.83813, 0.81062, 0.86753, 0.83328, 0.75276, 0.84359, 0.75558, 0.8349, 0.793, 0.78452, 0.82607, 0.78183, 0.83312, 0.78672, 0.82709, 0.78315, 0.79142, 0.77849, 0.80908, 0.84656, 0.81396, 0.84859, 0.80699, 0.88036, 0.79206, 0.85562, 0.78847, 0.84263, 0.85828, 0.83268, 0.84245, 0.8411, 0.8472, 0.83093, 0.84367, 0.8503000000000001, 0.86427, 0.81969, 0.81392, 0.80233, 0.7716500000000001, 0.8339799999999999, 0.80315, 0.82615, 0.8004, 0.80629, 0.81707, 0.84068, 0.82527, 0.85916, 0.801, 0.81801, 0.84466, 0.80952, 0.76736, 0.83169, 0.85647]"
fraud,CV,IForest,0.822,0.87,0.039,"[0.8481, 0.82437, 0.86735, 0.84028, 0.86383, 0.81167, 0.77497, 0.88454, 0.8117, 0.79164, 0.82418, 0.78578, 0.84209, 0.78969, 0.84132, 0.87582, 0.82592, 0.81489, 0.82165, 0.84689, 0.84788, 0.79421, 0.82326, 0.7811, 0.7998, 0.79415, 0.84814, 0.79466, 0.85005, 0.84813, 0.83512, 0.80661, 0.88004, 0.84004, 0.79532, 0.83982, 0.7917, 0.8497, 0.84755, 0.8566, 0.74487, 0.77764, 0.82853, 0.89155, 0.73481, 0.8161, 0.87317, 0.83465, 0.83623, 0.88011, 0.84362, 0.7953, 0.79831, 0.88146, 0.80066, 0.7994600000000001, 0.71536, 0.88864, 0.90133, 0.85898, 0.85911, 0.79343, 0.80171, 0.86363, 0.74087, 0.83805, 0.87106, 0.82404, 0.83113, 0.83101, 0.82168, 0.83123, 0.80857, 0.8019, 0.82371, 0.84747, 0.83186, 0.77965, 0.86913, 0.76832, 0.80824, 0.85676, 0.82174, 0.85002, 0.84519, 0.78279, 0.80209, 0.79776, 0.83184, 0.69742, 0.87002, 0.75119, 0.82047, 0.747, 0.82947, 0.81142, 0.78416, 0.8485, 0.82673, 0.79496]"
fraud,CV+,IForest,0.827,0.834,0.007,"[0.83338, 0.83851, 0.82028, 0.83957, 0.82112, 0.82883, 0.82243, 0.82751, 0.83348, 0.82358, 0.8252, 0.82408, 0.82026, 0.82646, 0.8373, 0.82572, 0.81679, 0.83286, 0.83741, 0.82527, 0.81917, 0.8141, 0.83543, 0.84189, 0.83676, 0.83074, 0.82916, 0.83377, 0.824, 0.82396, 0.83153, 0.83433, 0.8256, 0.82436, 0.83014, 0.82026, 0.82515, 0.83309, 0.82793, 0.83443, 0.80549, 0.83026, 0.81433, 0.82856, 0.83091, 0.82277, 0.82522, 0.82545, 0.82473, 0.82552, 0.83253, 0.81674, 0.81921, 0.83143, 0.83314, 0.82308, 0.81387, 0.8231, 0.8259, 0.82584, 0.83083, 0.83206, 0.81598, 0.8256, 0.83025, 0.81785, 0.82686, 0.819, 0.81084, 0.82919, 0.8299799999999999, 0.83366, 0.83863, 0.83472, 0.82322, 0.82505, 0.83425, 0.82563, 0.82627, 0.82952, 0.83507, 0.81791, 0.82331, 0.82802, 0.82413, 0.82219, 0.82868, 0.81688, 0.82957, 0.82853, 0.8199, 0.82476, 0.82195, 0.8237, 0.82539, 0.8148, 0.8301, 0.83441, 0.82764, 0.8254]"
wine,SC,LOF,0.012,0.045,0.033,"[0, 0, 0, 0, 0.08717, 0, 0, 0.005, 0, 0, 0, 0, 0.0655, 0, 0, 0, 0, 0.03292, 0.045219999999999996, 0, 0, 0, 0, 0, 0, 0, 0, 0, 0, 0, 0, 0, 0.0345, 0, 0, 0, 0, 0, 0.1281, 0, 0, 0, 0, 0, 0, 0, 0.16663, 0.04667, 0.0125, 0, 0, 0, 0, 0.0465, 0, 0, 0.14754, 0, 0, 0, 0, 0, 0, 0, 0, 0, 0, 0, 0.021500000000000002, 0, 0.09285, 0.005, 0, 0, 0, 0, 0.0125, 0, 0.015, 0.0014299999999999998, 0, 0.0028599999999999997, 0, 0, 0, 0.0025, 0.15425, 0.012, 0, 0.01, 0, 0.0014299999999999998, 0, 0, 0, 0.005, 0, 0, 0.047, 0.012]"
wine,J,LOF,0.113,0.263,0.113,"[0, 0, 0.26332, 0.006, 0, 0.155, 0.0025, 0.21891, 0.28581, 0, 0.15332, 0.32856, 0.26782, 0.03594, 0.30811, 0.145, 0, 0, 0, 0.2483, 0, 0, 0.17, 0, 0.25497, 0.185, 0.2433, 0.23231, 0.26265, 0.17, 0.115, 0.2483, 0.19599, 0, 0, 0.145, 0, 0.1707, 0, 0.002, 0, 0.002, 0, 0, 0.14, 0.23024, 0, 0.20599, 0.2881, 0.137, 0, 0.24993, 0.16137, 0.2283, 0.004, 0.26001, 0, 0.004, 0, 0, 0.22832, 0.24329, 0.17, 0, 0, 0.25648, 0.15, 0.14, 0, 0, 0, 0.17572, 0.24398, 0.1625, 0, 0.26745, 0, 0.16, 0.024, 0.11, 0.165, 0.17561, 0.14, 0.145, 0.12, 0.00125, 0.01, 0, 0.33394, 0.18015, 0, 0.009649999999999999, 0, 0, 0.25662, 0, 0.051000000000000004, 0, 0.32651, 0.33408]"
wine,J+,LOF,0.113,0.263,0.113,"[0, 0, 0.26332, 0.155, 0.0025, 0, 0.21891, 0.006, 0, 0.28581, 0.03594, 0.26782, 0.32856, 0, 0.15332, 0.145, 0, 0.30811, 0, 0.2483, 0.25497, 0.17, 0, 0, 0.26265, 0.185, 0, 0.2433, 0.23231, 0.17, 0.115, 0.19599, 0, 0, 0, 0.145, 0.2483, 0.1707, 0, 0.002, 0.002, 0, 0, 0.14, 0, 0, 0.23024, 0.2881, 0.20599, 0.137, 0.16137, 0.24993, 0.2283, 0, 0.26001, 0.004, 0, 0, 0.004, 0, 0.24329, 0.22832, 0.17, 0, 0, 0.15, 0.25648, 0.14, 0, 0, 0, 0.24398, 0.17572, 0.1625, 0.26745, 0, 0, 0.16, 0.024, 0.11, 0.145, 0.17561, 0.165, 0.00125, 0.14, 0.12, 0.01, 0, 0.33394, 0.18015, 0.25662, 0.009649999999999999, 0, 0, 0, 0, 0.051000000000000004, 0, 0.33408, 0.32651]"
wine,CV,LOF,0.113,0.261,0.114,"[0, 0.00125, 0.01467, 0.30995, 0.155, 0.3024, 0.0025, 0.20117000000000002, 0, 0, 0.15249000000000001, 0.02293, 0.145, 0, 0.32856, 0.28428000000000003, 0, 0.35404, 0.2483, 0, 0, 0, 0.25622, 0.30027, 0.2433, 0.23831, 0.15, 0, 0, 0.24531, 0.1, 0.17468, 0, 0, 0, 0.2483, 0.145, 0, 0.16952, 0.0111, 0.002, 0.005, 0.002, 0, 0, 0.28577, 0.14, 0.25527, 0.24958, 0.138, 0.13, 0.16137, 0.2283, 0, 0.25171, 0, 0, 0, 0.004, 0.01, 0.24329, 0.164, 0.22832, 0, 0.15, 0, 0.27972, 0, 0.14, 0.01, 0, 0.24149, 0.25892, 0.31925, 0.1625, 0, 0.06417, 0, 0.16, 0.11, 0.1709, 0.145, 0.165, 0.01, 0.00268, 0.12, 0.14, 0.18096, 0, 0.24065, 0.040440000000000004, 0.25662, 0, 0, 0, 0.051000000000000004, 0, 0.33408, 0, 0.23654]"
wine,CV+,LOF,0.107,0.264,0.113,"[0, 0.00967, 0, 0, 0.30995, 0, 0, 0.22665, 0.155, 0.3024, 0.25911, 0.145, 0.00843, 0.32856, 0, 0.26383, 0, 0.30028, 0, 0.2483, 0.25039, 0, 0.15, 0, 0.26831, 0, 0, 0.2433, 0.23831, 0.17, 0, 0.17468, 0, 0, 0.145, 0.2483, 0, 0.11089, 0, 0.00343, 0, 0, 0, 0.14, 0, 0, 0.22691, 0.28577, 0.26414, 0.137, 0.13, 0.16519, 0.2283, 0, 0, 0, 0.26502000000000003, 0, 0, 0, 0.24329, 0.17, 0.22832, 0, 0, 0.27972, 0.125, 0, 0, 0.01, 0, 0.24398, 0.18099, 0.16, 0.26595, 0, 0, 0.16, 0.03917, 0.09, 0.1709, 0.165, 0.00125, 0.145, 0.12, 0.14, 0, 0, 0.25198, 0.191, 0.04068, 0, 0, 0, 0.25662, 0, 0, 0.02, 0.33408, 0.23654]"
wbc,SC,LOF,0.222,0.492,0.187,"[0.379, 0.4225, 0.15702, 0.3215, 0.5355, 0.12021, 0, 0.135, 0, 0, 0.3955, 0, 0.1275, 0.36912, 0.225, 0.289, 0.135, 0.26537, 0.40479, 0.2375, 0.30812, 0.28819, 0.39677, 0, 0.44929, 0, 0, 0, 0.1425, 0, 0.34079, 0.51497, 0, 0, 0.534, 0.12, 0.55129, 0.2025, 0.5343, 0, 0.274, 0.12, 0.31339, 0.34474, 0.48919999999999997, 0.16608, 0.31574, 0.423, 0.52503, 0, 0.15, 0.40449999999999997, 0.44266, 0.195, 0, 0.2905, 0.13608, 0.15, 0, 0, 0.06967, 0.27215, 0.009, 0.20841, 0, 0.45153, 0.36286999999999997, 0.44808, 0, 0.40391, 0.4395, 0.165, 0.18123, 0, 0, 0.3915, 0, 0.265, 0.258, 0.28358, 0, 0.54031, 0, 0.54958, 0.26, 0, 0, 0.44723, 0, 0, 0, 0.135, 0.5166, 0, 0.195, 0.55387, 0.144, 0.40429, 0.47407, 0.14994]"
wbc,J,LOF,0.54,0.813,0.231,"[0.54967, 0.50284, 0.52, 0.4475, 0.127, 0.8015, 0.58, 0.43667, 0.85004, 0.46699999999999997, 0.04, 0.516, 0.831, 0.285, 0.5464100000000001, 0.56834, 0.756, 0.55742, 0.81179, 0.8202, 0.91332, 0.1875, 0.40422, 0.4, 0.76365, 0.22, 0.67, 0.5371, 0.316, 0.1835, 0.74142, 0.45302, 0.66088, 0.67005, 0.26269, 0.68219, 0.8067, 0.89936, 0.58851, 0.06, 0.76499, 0.7205, 0.4, 0.63687, 0.68121, 0.586, 0.49804, 0.77282, 0.4535, 0.67, 0.66952, 0.555, 0.22, 0.52317, 0.66117, 0.379, 0.4, 0.4402, 0.1475, 0.11599999999999999, 0.583, 0.89147, 0.47398, 0.89933, 0.54606, 0.64, 0.27502, 0.146, 0.52132, 0.91833, 0.64313, 0.4325, 0.705, 0.5864, 0.22, 0.73155, 0.63666, 0.51729, 0.375, 0.77, 0.05, 0.90503, 0.67, 0.80735, 0.80163, 0.40917, 0, 0.71347, 0.04, 0.37671, 0.9125, 0.408, 0.48427, 0.65878, 0.79886, 0.38, 0.45051, 0.56836, 0.75367, 0.58074]"
wbc,J+,LOF,0.541,0.821,0.235,"[0.50284, 0.4475, 0.7995, 0.85004, 0.54967, 0.46699999999999997, 0.52, 0.127, 0.43667, 0.58, 0.516, 0.04, 0.831, 0.54708, 0.765, 0.56501, 0.85429, 0.55742, 0.285, 0.8202, 0.91332, 0.1875, 0.52493, 0.4, 0.76365, 0.40422, 0.22, 0.67, 0.31867, 0.1835, 0.74369, 0.66088, 0.67005, 0.45302, 0.26135, 0.8067, 0.68219, 0.89936, 0.58851, 0.06, 0.80249, 0.63687, 0.4, 0.7205, 0.726, 0.49804, 0.77282, 0.68121, 0.4535, 0.67, 0.66952, 0.555, 0.52317, 0.22, 0.4, 0.67284, 0.379, 0.3602, 0.0375, 0.11599999999999999, 0.583, 0.8898, 0.89933, 0.64, 0.54606, 0.48947999999999997, 0.27502, 0.52132, 0.146, 0.91833, 0.64313, 0.705, 0.73155, 0.4325, 0.22, 0.5864, 0.63666, 0.77, 0.375, 0.49529, 0.05, 0.80735, 0.90503, 0.67, 0.40917, 0, 0.80163, 0.37671, 0.04, 0.71347, 0.9125, 0.408, 0.79886, 0.4615, 0.38, 0.65878, 0.48498, 0.56836, 0.58074, 0.75367]"
wbc,CV,LOF,0.554,0.829,0.231,"[0.52184, 0.48136, 0.86921, 0.82736, 0.79669, 0.68668, 0.4, 0.79, 0.492, 0.30367, 0.22, 0.848, 0.53389, 0.86, 0.81438, 0.5791, 0.60086, 0.94, 0.252, 0.74018, 0.89751, 0.1555, 0.4, 0.76365, 0.40422, 0.49043, 0.316, 0.67, 0.36, 0.146, 0.84451, 0.73729, 0.42937000000000003, 0.6224999999999999, 0.45902, 0.8067, 0.6505, 0.821, 0.35279, 0.23, 0.87013, 0.42071, 0.74936, 0.688, 0.39, 0.77948, 0.5008, 0.4535, 0.63285, 0.67, 0.81119, 0.495, 0.4, 0.52, 0.4225, 0.5605, 0.77121, 0.40752, 0.1475, 0.059, 0.4, 0.64, 0.7643, 0.63933, 0.54737, 0.51132, 0.51481, 0.27502, 0.06379, 0.91662, 0.63551, 0.6459, 0.22, 0.51317, 0.67325, 0.81, 0.66586, 0.63967, 0.64, 0.44702, 0.07, 0.75735, 0.54837, 0.67, 0, 0.89153, 0.76494, 0.38003, 0.04, 0.67346, 0.94, 0.04, 0.46051, 0.4105, 0.7366, 0.64878, 0.54686, 0.58106, 0.55129, 0.70535]"
wbc,CV+,LOF,0.628,0.877,0.204,"[0.633, 0.52, 0.56053, 0.945, 0.74605, 0.92252, 0.87368, 0.51736, 0.652, 0.58, 0.55, 0.92, 0.916, 0.83, 0.6364, 0.5816, 0.89, 0.27849999999999997, 0.87518, 0.94, 0.2935, 0.93583, 0.48793, 0.73769, 0.4, 0.40588, 0.81, 0.4, 0.52704, 0.402, 0.84451, 0.68212, 0.6675, 0.42903, 0.46169, 0.78687, 0.861, 0.5365, 0.34162, 0.45, 0.51287, 0.93512, 0.4, 0.828, 0.76918, 0.80285, 0.81185, 0.4958, 0.4785, 0.86, 0.79251, 0.495, 0.4375, 0.4, 0.52, 0.77121, 0.39312, 0.74321, 0.27958, 0.3975, 0.75904, 0.58, 0.825, 0.5595, 0.7225, 0.79, 0.51311, 0.40837, 0.10529, 0.95429, 0.76636, 0.80333, 0.51817, 0.75917, 0.69825, 0.64473, 0.4, 0.67, 0.67696, 0.46499999999999997, 0.3805, 0.80735, 0.85561, 0.67, 0.81923, 0, 0.37837, 0.72102, 0.4, 0.76579, 0.43979, 0.98, 0.63628, 0.72448, 0.4, 0.62329, 0.72206, 0.53837, 0.59284, 0.78764]"
ionosphere,SC,LOF,0.075,0.21,0.088,"[0.20169, 0.166, 0.055, 0.21598, 0.0375, 0.12916, 0, 0.20968, 0.015, 0, 0.00804, 0.16402, 0.097, 0, 0.0975, 0.16333, 0.07706, 0.24294, 0, 0.0225, 0, 0.1195, 0.09575, 0.20603, 0.2573, 0.12279, 0, 0.1555, 0, 0.0075, 0.005719999999999999, 0, 0.045, 0, 0.06, 0.03, 0.07683, 0, 0.02501, 0.02582, 0, 0.03, 0.0225, 0, 0.068, 0.161, 0.09605, 0.22237, 0.21666, 0.14442, 0.0075, 0.061, 0, 0, 0, 0.0525, 0.02679, 0.0805, 0, 0, 0.01608, 0, 0.2412, 0.011439999999999999, 0, 0, 0, 0.34003, 0.019119999999999998, 0.15233, 0, 0, 0.03, 0.22969, 0.18533, 0, 0.015, 0.14079, 0.10654, 0.152, 0.19979, 0.04179, 0.091, 0, 0, 0.16204, 0.03, 0.33051, 0.0525, 0.18885, 0.31181, 0, 0.0075, 0.0225, 0, 0.045, 0.03282, 0.015, 0, 0]"
ionosphere,J,LOF,0.419,0.589,0.122,"[0.31615, 0.30525, 0.34, 0.35551, 0.36254, 0.45333, 0.44818, 0.52002, 0.48582000000000003, 0.43086, 0.53603, 0.37101, 0.53145, 0.66, 0.58838, 0.47, 0.44851, 0.51223, 0.44434, 0.28458, 0.53418, 0.43969, 0.47387, 0.63803, 0.5558, 0.49989, 0.18, 0.51869, 0.27, 0.2025, 0.1235, 0.4626, 0.35329, 0.48, 0.63, 0.42119, 0.41, 0.3725, 0.40138, 0.35586, 0.3505, 0.30458, 0.49753000000000003, 0.30884, 0.36846, 0.45337, 0.67, 0.15846, 0.46704, 0.42, 0.59836, 0.299, 0.359, 0.73, 0.35, 0.62837, 0.45, 0.44933, 0.39586, 0.336, 0.346, 0.5185, 0.39993, 0.508, 0.45471, 0.35648, 0.5113, 0.369, 0.44939, 0.39096000000000003, 0.287, 0.18912, 0.5177, 0.58223, 0.256, 0.41518, 0.5, 0.53737, 0.49802, 0.50488, 0.40671, 0.19, 0.44363, 0.59091, 0.16, 0.38, 0.38068, 0.59237, 0.35329, 0.44055, 0.492, 0.35, 0.292, 0.2405, 0.4175, 0.59429, 0.25, 0.3615, 0.34, 0.287]"
ionosphere,J+,LOF,0.419,0.589,0.122,"[0.43086, 0.34, 0.52002, 0.30525, 0.36254, 0.48582000000000003, 0.44818, 0.45333, 0.31615, 0.35551, 0.53603, 0.53145, 0.37101, 0.58838, 0.66, 0.51223, 0.47, 0.44851, 0.28458, 0.44434, 0.53418, 0.47387, 0.43969, 0.27, 0.63803, 0.5558, 0.51869, 0.49989, 0.2025, 0.18, 0.1235, 0.4626, 0.35329, 0.42369, 0.48, 0.41, 0.39738, 0.63, 0.3725, 0.35586, 0.3505, 0.30458, 0.30884, 0.49753000000000003, 0.45337, 0.36846, 0.67, 0.15846, 0.42, 0.46704, 0.59836, 0.299, 0.359, 0.73, 0.35, 0.45, 0.44933, 0.62837, 0.336, 0.39586, 0.346, 0.5185, 0.39993, 0.508, 0.35648, 0.44939, 0.5113, 0.44471, 0.39096000000000003, 0.369, 0.287, 0.18912, 0.5177, 0.58223, 0.256, 0.49802, 0.41518, 0.5, 0.53737, 0.50488, 0.40571, 0.19, 0.44363, 0.59091, 0.16, 0.59237, 0.35329, 0.38, 0.44055, 0.38068, 0.492, 0.35, 0.292, 0.4175, 0.2405, 0.59429, 0.3615, 0.25, 0.34, 0.287]"
ionosphere,CV,LOF,0.426,0.589,0.119,"[0.46, 0.42759, 0.35287, 0.47105, 0.4215, 0.41968, 0.32683, 0.37368, 0.41152, 0.487, 0.53906, 0.31606, 0.51353, 0.51387, 0.5569500000000001, 0.41601, 0.34, 0.38809, 0.6, 0.42934, 0.52968, 0.5021, 0.35919, 0.39508, 0.6488700000000001, 0.32, 0.1425, 0.41923, 0.251, 0.45752, 0.2485, 0.46799999999999997, 0.40166, 0.59, 0.39079, 0.52872, 0.43218, 0.39287, 0.39054, 0.48603, 0.275, 0.1955, 0.26658, 0.54337, 0.32287, 0.5357, 0.65, 0.47086, 0.47288, 0.1605, 0.36833, 0.5925, 0.53568, 0.76, 0.25, 0.62837, 0.49337000000000003, 0.325, 0.43087000000000003, 0.35978, 0.63, 0.38815, 0.2935, 0.518, 0.50419, 0.27046, 0.2952, 0.39021, 0.284, 0.46301, 0.17927, 0.292, 0.5724, 0.58853, 0.47418, 0.289, 0.45852, 0.5, 0.4665, 0.4692, 0.40048, 0.396, 0.5987, 0.39093, 0.21, 0.39496, 0.43901, 0.57009, 0.38, 0.40863, 0.39109, 0.55369, 0.395, 0.5192, 0.39802, 0.50653, 0.34, 0.39, 0.61, 0.2725]"
ionosphere,CV+,LOF,0.398,0.535,0.114,"[0.42362, 0.3399, 0.42, 0.39087, 0.3228, 0.352, 0.45502, 0.44789, 0.40784, 0.38717, 0.50269, 0.53138, 0.40983, 0.56303, 0.31, 0.37997000000000003, 0.53609, 0.30366, 0.36467, 0.6, 0.47401, 0.35919, 0.38798, 0.36429, 0.66054, 0.31, 0.13, 0.367, 0.216, 0.37294, 0.2425, 0.408, 0.42896, 0.53, 0.36829, 0.35938, 0.44101, 0.32, 0.4492, 0.34783, 0.265, 0.25979, 0.1955, 0.50086, 0.30387, 0.51386, 0.65, 0.46304, 0.13026, 0.4125, 0.545, 0.33429, 0.507, 0.67337, 0.498, 0.2, 0.45, 0.4567, 0.33504, 0.34, 0.47, 0.2485, 0.37241, 0.54, 0.48203, 0.30318, 0.45063, 0.25168, 0.37404, 0.2305, 0.282, 0.12129, 0.51853, 0.251, 0.57306, 0.40601, 0.44, 0.44601, 0.45, 0.49137000000000003, 0.43135, 0.33, 0.40203, 0.6062, 0.16, 0.41347, 0.4718, 0.36792, 0.38, 0.45038, 0.535, 0.4145, 0.34379, 0.4875, 0.41086, 0.4575, 0.51, 0.37, 0.3, 0.28]"
breastw,SC,LOF,0.519,0.79,0.265,"[0.20678, 0, 0.78786, 0.43455, 0.12755, 0.65948, 0.76081, 0.58122, 0.59357, 0.36186, 0.60364, 0.82409, 0.5775, 0, 0.77425, 0.81904, 0.19906, 0.22502, 0.62322, 0.45685, 0.64521, 0.78875, 0.82173, 0.7201299999999999, 0.82709, 0.8173, 0.68069, 0.16125, 0.0435, 0.63113, 0.47303, 0, 0.88, 0.55528, 0.48205, 0.70574, 0.64693, 0.58, 0.84627, 0.7293499999999999, 0.50085, 0.68, 0.77577, 0.70103, 0.45246, 0.06346, 0.57598, 0.19036999999999998, 0.29301, 0.76858, 0.62564, 0.015, 0.36, 0.66607, 0.22043, 0.77247, 0.2003, 0.82596, 0.59101, 0.5502, 0.64052, 0.707, 0.54005, 0.13144, 0.54353, 0.53438, 0.57824, 0.72204, 0.54566, 0.72247, 0, 0.55245, 0.02575, 0.74804, 0.61816, 0.75957, 0.71512, 0.58, 0.71033, 0.78596, 0.69015, 0.84832, 0.65601, 0.34083, 0.65365, 0.35337999999999997, 0, 0.67206, 0.057139999999999996, 0.006999999999999999, 0.75173, 0.12304999999999999, 0.05, 0.696, 0.64127, 0.79788, 0.62042, 0.65701, 0.66142, 0]"
breastw,J,LOF,0.197,0.6,0.227,"[0.03392, 0.02417, 0.006670000000000001, 0.69767, 0.3619, 0, 0.08723, 0.42293000000000003, 0.12729, 0.17048, 0.40885, 0.005, 0.05427, 0.14437, 0, 0.01, 0.02, 0.31429, 0.50214, 0.16167, 0.22586, 0.046560000000000004, 0.024, 0.005829999999999999, 0.11973, 0.05982, 0.03409, 0, 0.14667, 0.15887, 0.008, 0.04811, 0, 0, 0.67665, 0.51897, 0.49544, 0.07678, 0.042, 0, 0, 0.036230000000000005, 0, 0, 0.17462999999999998, 0.20403, 0.00714, 0.2787, 0.05742, 0.14469, 0.56977, 0.14879, 0.20289, 0, 0.13532, 0, 0.53247, 0, 0.04668, 0.008, 0.74144, 0.25261, 0.61827, 0.06217, 0, 0.68601, 0.34847, 0.04, 0.59961, 0.25754, 0.13888999999999999, 0, 0.32969, 0.016, 0.46793, 0, 0.69362, 0.15329, 0.027880000000000002, 0.60369, 0.40202, 0.38079, 0.43723, 0, 0, 0.03784, 0, 0.34052, 0.01445, 0.06719, 0.68232, 0.63007, 0.59931, 0.23954999999999999, 0.61978, 0.07646, 0, 0.36717, 0.02, 0]"
breastw,J+,LOF,0.198,0.6,0.227,"[0.02417, 0.03392, 0.69102, 0.08723, 0.12729, 0.42293000000000003, 0.3439, 0.006670000000000001, 0, 0.17048, 0.40885, 0.05427, 0.01, 0, 0, 0.17137, 0.50247, 0.31429, 0.16167, 0.02, 0.24836, 0.04156, 0.024, 0.04149, 0.005829999999999999, 0, 0.07574, 0.12011, 0.14667, 0.15887, 0.008, 0, 0, 0.51468, 0.04811, 0.07678, 0.042, 0.67458, 0.49544, 0, 0, 0.030670000000000003, 0.20336, 0.27834, 0, 0, 0.17462999999999998, 0.0511, 0.00714, 0.14469, 0.56977, 0.14846, 0.20739, 0, 0, 0, 0.13532, 0.53247, 0.05368, 0.008, 0.23895, 0, 0.61855, 0.74033, 0.34247, 0.68798, 0.07217, 0.25716, 0.04, 0.59989, 0.14024999999999999, 0.48358, 0, 0.32631, 0.016, 0.69362, 0, 0.15329, 0.02981, 0.60269, 0.38014, 0, 0, 0.4514, 0.39411, 0.03617, 0.34052, 0.06719, 0, 0.01445, 0.68268, 0.63439, 0.59931, 0.23954999999999999, 0, 0.60671, 0.07646, 0.36717, 0.027, 0]"
breastw,CV,LOF,0.168,0.553,0.216,"[0.09559, 0.09471, 0, 0.02417, 0.23051, 0.01196, 0.69541, 0.07813, 0.14602, 0.05401, 0.02128, 0.33633, 0, 0, 0.02, 0.02999, 0.0415, 0, 0.30952, 0.38663000000000003, 0.17223, 0.03483, 0, 0.024, 0.03401, 0.26733, 0.05982, 0.11681, 0, 0.03638, 0.42454, 0, 0, 0, 0.026000000000000002, 0, 0.023780000000000003, 0.022000000000000002, 0.28793, 0.70579, 0, 0, 0.20073, 0, 0.20274999999999999, 0, 0.2745, 0, 0.1172, 0.21342, 0, 0.12516, 0.54623, 0.08904999999999999, 0.16737, 0, 0.005, 0, 0.46408, 0, 0.61027, 0.004, 0.08989, 0.7298, 0.01, 0.69021, 0.20975, 0.014, 0.61241, 0.28997, 0, 0.12182, 0.1682, 0.008, 0.4204, 0.67781, 0, 0.32929, 0.01662, 0.45626, 0, 0.04234, 0.06838, 0.3486, 0.02428, 0.47712, 0, 0.22503, 0, 0.00444, 0.65631, 0.61517, 0.51488, 0.15256999999999998, 0, 0.64316, 0.04084, 0.021, 0.28873, 0]"
breastw,CV+,LOF,0.211,0.614,0.235,"[0.04142, 0.18515, 0.32238, 0.04467, 0.13248000000000001, 0, 0.15291, 0.35324, 0.71792, 0.08741, 0.03528, 0, 0.40747, 0.02285, 0.0574, 0.01171, 0.49999, 0.35857, 0.042, 0.0475, 0.23434, 0.04795, 0.005829999999999999, 0.032, 0, 0.06319, 0.1343, 0.08872, 0.38702000000000003, 0.14859, 0, 0, 0, 0.040350000000000004, 0.53951, 0.054, 0.032, 0.74361, 0.47873, 0, 0, 0, 0, 0.32958, 0.2717, 0, 0.29919, 0.18901, 0, 0.39085, 0.62793, 0.24008, 0, 0, 0.28212, 0.13, 0.00571, 0.52954, 0, 0, 0.76657, 0.17869, 0.004, 0.7157, 0.6282, 0.01964, 0.33454, 0.039, 0.61343, 0.40882, 0, 0.18578, 0.008, 0.5543399999999999, 0.23199999999999998, 0, 0.73593, 0.46754, 0.02679, 0.43711, 0.25131, 0.54635, 0, 0, 0.35221, 0.11335, 0.30257, 0.05427, 0, 0.00571, 0.66574, 0.6185, 0.59439, 0.15007, 0.67306, 0.02371, 0.08311, 0.05, 0.40035, 0]"
musk,SC,LOF,0.824,0.882,0.046,"[0.8374199999999999, 0.80511, 0.8563, 0.77003, 0.75546, 0.82853, 0.81199, 0.79483, 0.8378599999999999, 0.79007, 0.90783, 0.86161, 0.87449, 0.8463, 0.74015, 0.764, 0.77787, 0.77759, 0.8818, 0.81798, 0.82733, 0.90465, 0.82705, 0.8364699999999999, 0.85004, 0.76787, 0.91744, 0.76593, 0.83009, 0.76534, 0.87504, 0.79633, 0.88013, 0.78705, 0.78745, 0.82509, 0.81316, 0.82081, 0.79025, 0.82229, 0.81948, 0.82289, 0.81942, 0.7798, 0.87654, 0.86648, 0.94811, 0.8118, 0.88731, 0.85117, 0.90917, 0.82817, 0.81534, 0.76431, 0.81734, 0.8111200000000001, 0.92149, 0.8216, 0.85694, 0.8694, 0.82175, 0.73485, 0.83246, 0.88371, 0.72534, 0.90913, 0.73593, 0.7979, 0.87082, 0.73583, 0.7901, 0.81608, 0.78652, 0.73677, 0.79637, 0.75079, 0.84087, 0.77585, 0.88009, 0.79148, 0.83658, 0.78965, 0.80699, 0.8587400000000001, 0.8337, 0.7952, 0.81599, 0.82438, 0.86274, 0.89259, 0.86962, 0.82391, 0.82353, 0.79322, 0.80602, 0.8329, 0.84332, 0.85674, 0.85797, 0.86031]"
musk,CV,LOF,0.825,0.88,0.039,"[0.79234, 0.79659, 0.86642, 0.85272, 0.77697, 0.78303, 0.85948, 0.7844, 0.8116, 0.73032, 0.897, 0.85514, 0.82464, 0.7911, 0.87929, 0.78556, 0.75314, 0.88855, 0.82575, 0.81313, 0.8082199999999999, 0.77117, 0.85291, 0.81174, 0.84806, 0.78378, 0.81286, 0.81698, 0.82776, 0.82408, 0.8437, 0.84306, 0.81156, 0.83821, 0.8446, 0.74733, 0.82687, 0.86449, 0.77784, 0.77952, 0.7944100000000001, 0.91191, 0.86404, 0.85103, 0.80549, 0.84115, 0.84564, 0.89641, 0.88391, 0.83167, 0.83218, 0.87002, 0.81984, 0.77833, 0.84189, 0.80727, 0.76549, 0.78687, 0.75228, 0.78061, 0.84014, 0.80941, 0.79802, 0.83601, 0.79999, 0.9087500000000001, 0.83633, 0.80313, 0.80486, 0.83308, 0.81843, 0.75665, 0.8246, 0.84029, 0.81765, 0.78683, 0.86521, 0.86119, 0.78401, 0.81076, 0.80811, 0.89894, 0.83202, 0.85263, 0.80026, 0.83485, 0.79511, 0.77354, 0.90083, 0.82646, 0.85071, 0.80659, 0.8652299999999999, 0.7895, 0.87485, 0.83001, 0.88251, 0.8297, 0.86439, 0.88808]"
musk,CV+,LOF,0.843,0.889,0.038,"[0.83365, 0.7323999999999999, 0.82223, 0.80768, 0.78113, 0.85841, 0.87012, 0.81072, 0.86235, 0.88767, 0.90596, 0.81638, 0.88895, 0.79801, 0.83182, 0.85651, 0.85176, 0.83698, 0.88623, 0.81651, 0.8333699999999999, 0.83751, 0.85485, 0.77257, 0.82208, 0.83347, 0.82036, 0.84275, 0.8613, 0.84679, 0.87184, 0.85943, 0.87498, 0.86713, 0.86129, 0.86742, 0.83457, 0.79239, 0.77504, 0.80333, 0.88858, 0.84213, 0.84413, 0.93072, 0.8708899999999999, 0.91822, 0.83945, 0.83822, 0.85163, 0.88794, 0.8658, 0.82717, 0.89784, 0.84922, 0.83527, 0.78411, 0.81787, 0.80766, 0.7705, 0.78402, 0.81891, 0.85143, 0.81908, 0.9186, 0.8269, 0.84581, 0.81308, 0.84767, 0.84303, 0.82779, 0.82755, 0.83745, 0.80746, 0.79464, 0.87468, 0.86579, 0.82903, 0.79111, 0.86954, 0.84018, 0.82068, 0.90589, 0.80671, 0.86943, 0.82226, 0.84059, 0.81417, 0.93151, 0.84468, 0.78162, 0.84906, 0.82886, 0.80251, 0.891, 0.88524, 0.88406, 0.8815500000000001, 0.89038, 0.90585, 0.86499]"
pima,SC,LOF,0.01,0.03,0.024,"[0, 0, 0, 0.06859, 0, 0, 0, 0.0135, 0, 0.03121, 0, 0, 0, 0.006, 0, 0, 0.0075, 0, 0.03621, 0, 0, 0.025, 0, 0, 0, 0, 0, 0, 0, 0.005, 0.021, 0, 0, 0.003, 0, 0, 0, 0, 0, 0, 0, 0, 0.01364, 0.007149999999999999, 0, 0, 0, 0, 0.03511, 0.0175, 0, 0, 0.09745, 0.00536, 0.003, 0.015, 0, 0, 0.0075, 0, 0, 0, 0, 0, 0, 0, 0.0042899999999999995, 0, 0, 0.01001, 0.015, 0, 0.00715, 0, 0, 0, 0, 0, 0.0295, 0, 0.02965, 0, 0.0225, 0.03, 0, 0.005719999999999999, 0.11365, 0, 0, 0, 0.05408, 0.0028599999999999997, 0.1339, 0, 0.08037, 0.0495, 0.005, 0, 0.0125, 0]"
pima,J,LOF,0.018,0.057,0.036,"[0, 0, 0.15492, 0.05683, 0, 0.01433, 0.006, 0, 0, 0, 0, 0, 0, 0, 0.0, 0, 0.005, 0.00417, 0.0275, 0, 0.024, 0.003, 0, 0, 0, 0.005, 0, 0, 0.005, 0.005, 0.005, 0, 0.005, 0, 0, 0, 0.005, 0, 0.0325, 0, 0.015, 0.005, 0.005, 0, 0.005, 0.02833, 0, 0, 0.14037, 0.05666, 0, 0.024, 0.004, 0.02008, 0.15531, 0, 0, 0.005, 0, 0.005, 0, 0.01833, 0.01, 0.007859999999999999, 0.04958, 0, 0.01, 0, 0.005, 0.006, 0, 0, 0.006, 0.01733, 0, 0.004, 0.025, 0.06999, 0.006, 0, 0.05929, 0, 0, 0, 0.15032, 0.02934, 0, 0.005, 0, 0.014709999999999999, 0, 0.027, 0.005, 0.13036, 0.14394, 0.06465, 0, 0.03025, 0.04444, 0.02733]"
pima,J+,LOF,0.018,0.057,0.036,"[0.15492, 0.006, 0, 0.05683, 0, 0, 0.01433, 0, 0, 0, 0, 0, 0.0, 0.005, 0, 0, 0, 0.00417, 0.0275, 0, 0.024, 0, 0, 0, 0, 0.003, 0, 0.005, 0.005, 0.005, 0.005, 0.005, 0, 0.005, 0, 0, 0, 0, 0, 0.0325, 0, 0.005, 0.015, 0.005, 0, 0.005, 0, 0.14037, 0.02833, 0.05666, 0, 0.024, 0.004, 0.15531, 0.02008, 0, 0.005, 0, 0.005, 0, 0.01, 0, 0, 0.007859999999999999, 0.01833, 0.01, 0, 0.005, 0.04958, 0.006, 0, 0, 0.006, 0, 0.01733, 0.006, 0.06999, 0.004, 0.025, 0, 0.05929, 0, 0, 0.02934, 0.15032, 0, 0.005, 0, 0.014709999999999999, 0, 0.027, 0, 0.14394, 0.005, 0.13036, 0.06465, 0, 0.03025, 0.02733, 0.04444]"
pima,CV,LOF,0.016,0.046,0.034,"[0, 0.15624, 0, 0.05683, 0, 0, 0.01433, 0.006, 0, 0, 0, 0, 0.0, 0, 0, 0, 0, 0.0275, 0, 0, 0, 0, 0, 0.004, 0.005, 0.005, 0, 0, 0, 0, 0, 0.005, 0, 0, 0, 0.03, 0.005, 0, 0, 0, 0.005, 0.02233, 0.00571, 0.02734, 0, 0.005, 0, 0.005, 0.0625, 0.14553, 0, 0.02, 0, 0, 0.005, 0, 0.14698, 0.005, 0.00536, 0, 0, 0.0, 0.007859999999999999, 0.01, 0.04428, 0, 0, 0.006, 0.01, 0.009000000000000001, 0, 0, 0, 0.005, 0, 0.006, 0.004, 0.02, 0.03333, 0, 0.05833, 0, 0.005, 0, 0.15202000000000002, 0, 0.02034, 0, 0.004, 0.005, 0.012, 0, 0.08633, 0.005, 0, 0.06282, 0.14078, 0.03025, 0.02733, 0.014]"
pima,CV+,LOF,0.018,0.05,0.036,"[0, 0.006, 0.15624, 0, 0, 0, 0.05683, 0, 0, 0.01933, 0, 0, 0, 0.006, 0.0, 0, 0, 0, 0.0075, 0.039830000000000004, 0, 0.016, 0.005, 0, 0, 0, 0, 0, 0, 0.005, 0.005, 0.005, 0, 0.004, 0, 0, 0, 0, 0.035, 0, 0.00571, 0.019, 0.005, 0.005, 0.03267, 0, 0, 0.14286000000000001, 0.005, 0.09399, 0.02, 0, 0, 0.15099, 0, 0.00222, 0, 0.005, 0.005, 0, 0, 0.0, 0.01, 0.007859999999999999, 0, 0.01, 0, 0.04428, 0.005, 0.006, 0.005, 0.006, 0, 0, 0.004, 0.01, 0.049, 0.02, 0.006, 0, 0, 0.005, 0.079, 0, 0.02434, 0.15171, 0.005, 0, 0, 0.01771, 0, 0.012, 0.14247, 0.11299000000000001, 0.07282, 0.005, 0, 0.03166, 0.03025, 0.02367]"
annthyroid,SC,LOF,0.732,0.819,0.082,"[0.60755, 0.87526, 0.61232, 0.76558, 0.77805, 0.78701, 0.8452500000000001, 0.85604, 0.78804, 0.87784, 0.83711, 0.80553, 0.81899, 0.71727, 0.7724, 0.63988, 0.68745, 0.74962, 0.73383, 0.66855, 0.70386, 0.74203, 0.68224, 0.82193, 0.87597, 0.79843, 0.59535, 0.65838, 0.7871900000000001, 0.91501, 0.76707, 0.71715, 0.66978, 0.76606, 0.6698, 0.60332, 0.57027, 0.70694, 0.74666, 0.81143, 0.79363, 0.61163, 0.69212, 0.5853, 0.78051, 0.69979, 0.70801, 0.78207, 0.6746, 0.79608, 0.7814, 0.75154, 0.74307, 0.74512, 0.71201, 0.58135, 0.77082, 0.76434, 0.56618, 0.79127, 0.81355, 0.71102, 0.745, 0.67499, 0.7473, 0.8637900000000001, 0.79506, 0.73925, 0.75835, 0.67397, 0.78218, 0.56049, 0.71216, 0.64849, 0.72892, 0.51664, 0.69645, 0.79074, 0.7857999999999999, 0.74913, 0.7223, 0.68348, 0.76406, 0.77538, 0.66403, 0.74039, 0.73624, 0.76652, 0.70307, 0.87506, 0.81321, 0.80246, 0.81474, 0.68136, 0.58894, 0.65778, 0.52557, 0.77616, 0.70356, 0.79016]"
annthyroid,CV,LOF,0.807,0.865,0.048,"[0.86044, 0.839, 0.8746, 0.81281, 0.86499, 0.8317, 0.86943, 0.77731, 0.80094, 0.87266, 0.80039, 0.83543, 0.85924, 0.78501, 0.80424, 0.83656, 0.69956, 0.79912, 0.73952, 0.82113, 0.7345700000000001, 0.71236, 0.83217, 0.83963, 0.84805, 0.77871, 0.78025, 0.77177, 0.8873800000000001, 0.84173, 0.84673, 0.8647, 0.8063400000000001, 0.77068, 0.82243, 0.81525, 0.80037, 0.84309, 0.81932, 0.83052, 0.77724, 0.81864, 0.79866, 0.77578, 0.76425, 0.79013, 0.828, 0.76255, 0.77766, 0.80141, 0.81041, 0.74969, 0.84373, 0.84535, 0.82723, 0.8413, 0.80286, 0.79388, 0.8377, 0.79045, 0.82316, 0.83072, 0.77737, 0.78912, 0.78082, 0.86442, 0.78209, 0.7425, 0.84062, 0.77972, 0.79743, 0.85745, 0.8127, 0.84075, 0.88447, 0.7623, 0.86702, 0.67227, 0.82188, 0.75176, 0.9045300000000001, 0.81007, 0.84321, 0.76894, 0.87267, 0.75069, 0.73703, 0.89439, 0.71399, 0.78606, 0.80701, 0.91738, 0.74205, 0.75542, 0.77708, 0.70312, 0.86136, 0.81781, 0.8151, 0.72101]"
annthyroid,CV+,LOF,0.807,0.867,0.048,"[0.85868, 0.87064, 0.77377, 0.83479, 0.84825, 0.80677, 0.8777, 0.80138, 0.86223, 0.87284, 0.83896, 0.86438, 0.79703, 0.80164, 0.81445, 0.82122, 0.69895, 0.80662, 0.8397, 0.73613, 0.73085, 0.70305, 0.8427, 0.86199, 0.78659, 0.77223, 0.83609, 0.82686, 0.7654, 0.88723, 0.84612, 0.86009, 0.8118, 0.78508, 0.81766, 0.7848, 0.77545, 0.8426, 0.82108, 0.81916, 0.77371, 0.78456, 0.82417, 0.79729, 0.78308, 0.76417, 0.82122, 0.80103, 0.76734, 0.76844, 0.7563, 0.79872, 0.83435, 0.83633, 0.80041, 0.81963, 0.78994, 0.82735, 0.79112, 0.84148, 0.8325, 0.83316, 0.79675, 0.8671800000000001, 0.80637, 0.77866, 0.78076, 0.73427, 0.82914, 0.78523, 0.80719, 0.8096, 0.85982, 0.75695, 0.84854, 0.83292, 0.81472, 0.86704, 0.65964, 0.75733, 0.80507, 0.90769, 0.76161, 0.74797, 0.73232, 0.87469, 0.71183, 0.85188, 0.77935, 0.87258, 0.91915, 0.84935, 0.74309, 0.75502, 0.69967, 0.78757, 0.8706, 0.80755, 0.81781, 0.7219]"
mammography,SC,LOF,0.476,0.772,0.287,"[0.79115, 0.65008, 0.00786, 0.35015, 0.81856, 0.02298, 0.56608, 0.13364, 0.74462, 0.38184, 0.73698, 0.02968, 0.69708, 0.12306, 0.79382, 0.05847, 0.76218, 0.74107, 0.76623, 0.76639, 0, 0.72169, 0.59223, 0.43235, 0.34963, 0.02381, 0.72995, 0.6954, 0.22234, 0.21364, 0.77086, 0.71964, 0.54545, 0.75839, 0.25409, 0.58009, 0.51224, 0.67741, 0, 0.4344, 0.74928, 0.64035, 0.16931000000000002, 0.04862, 0.6319, 0.054650000000000004, 0.17697, 0.00731, 0.43096, 0.54378, 0.054650000000000004, 0.18896, 0.54019, 0.73223, 0.38354, 0.77544, 0.2111, 0.77182, 0.53824, 0.2382, 0.7124, 0.0, 0.70668, 0.78891, 0.71665, 0.75683, 0.14431, 0.81856, 0.0, 0.34602, 0.76503, 0.86325, 0.09477, 0.37052, 0.83085, 0.73621, 0.73481, 0.02389, 0.68133, 0.7748, 0.03268, 0.43426, 0.13614, 0.21506, 0.70661, 0.75218, 0.61868, 0.32264, 0.74509, 0.73509, 0.61554, 0.45452, 0.83026, 0.70342, 0.72406, 0.74665, 0.14432, 0.30146, 0, 0.45924]"
mammography,CV,LOF,0.509,0.77,0.247,"[0.74113, 0.20766, 0.01614, 0.74694, 0.3577, 0.55867, 0.77234, 0.75369, 0.56597, 0.77015, 0.72782, 0.74376, 0.72908, 0.62162, 0.73853, 0.21577, 0, 0.65185, 0.66299, 0.76365, 0.0734, 0.19843, 0.06174, 0.38637, 0.55358, 0.37726, 0.7642100000000001, 0.68905, 0.70674, 0.65106, 0.63274, 0.58094, 0.73688, 0.84302, 0.67461, 0.71806, 0.45771, 0.14291, 0.59175, 0.25865, 0.67981, 0.10142, 0.5564, 0.76979, 0.5339700000000001, 0.53003, 0.56417, 0.6894, 0.11615, 0.74376, 0.21573, 0.74957, 0.64914, 0.68974, 0.57681, 0.61208, 0.14587, 0.80368, 0.54273, 0.65889, 0.68535, 0.10305, 0.72691, 0.17053000000000001, 0.52889, 0.81645, 0.67231, 0.27065, 0.038599999999999995, 0.34492, 0.1047, 0.06973, 0.58802, 0.58308, 0.22788, 0.3348, 0.77672, 0.42767, 0.54464, 0.11483, 0.60531, 0.36742, 0.55592, 0.68432, 0.5229, 0.78897, 0.0771, 0.68418, 0.64065, 0.27387, 0.31311, 0.20215, 0.81463, 0.74634, 0.79564, 0.80785, 0.21935000000000002, 0.733, 0.11314, 0.49488]"
mammography,CV+,LOF,0.514,0.772,0.245,"[0.5640499999999999, 0.77278, 0.73576, 0.77835, 0.57479, 0.76392, 0.73485, 0.015880000000000002, 0.37323, 0.25486, 0.63098, 0.72479, 0.73316, 0, 0.2006, 0.71956, 0.65726, 0.72775, 0.69534, 0.77164, 0.16499, 0.04911, 0.51782, 0.76541, 0.36985, 0.73946, 0.64628, 0.37607, 0.07636, 0.69569, 0.5795, 0.66328, 0.66273, 0.54485, 0.71691, 0.51264, 0.12514, 0.73065, 0.84279, 0.26101, 0.67205, 0.09238, 0.52562, 0.55365, 0.68099, 0.16744, 0.77608, 0.55863, 0.46837, 0.75498, 0.64786, 0.24382, 0.61058, 0.52696, 0.75498, 0.6765, 0.14697, 0.68193, 0.80372, 0.59562, 0.09816, 0.72354, 0.68447, 0.25086, 0.51361, 0.65047, 0.03961, 0.78156, 0.25824, 0.4147, 0.14781, 0.77115, 0.66569, 0.07918, 0.5768800000000001, 0.40837, 0.43878, 0.25822, 0.12715, 0.5693, 0.62122, 0.7293, 0.35835, 0.55244, 0.10097, 0.55979, 0.69065, 0.66723, 0.7791, 0.26738, 0.24666, 0.81645, 0.74574, 0.17624, 0.79681, 0.81051, 0.21842, 0.16457, 0.73252, 0.50805]"
shuttle,SC,LOF,0.819,0.846,0.023,"[0.79173, 0.7936300000000001, 0.82105, 0.82212, 0.8616, 0.8213, 0.82013, 0.85491, 0.84342, 0.80271, 0.8327, 0.80927, 0.8279299999999999, 0.85793, 0.8079, 0.83318, 0.77549, 0.82075, 0.78892, 0.78988, 0.80909, 0.83994, 0.8456, 0.85177, 0.81465, 0.8444, 0.80115, 0.78983, 0.78999, 0.78824, 0.82321, 0.79689, 0.8458, 0.77425, 0.8027299999999999, 0.78156, 0.80646, 0.82085, 0.76648, 0.8201, 0.83235, 0.85445, 0.79029, 0.84129, 0.81738, 0.79835, 0.80927, 0.84129, 0.83951, 0.81478, 0.87065, 0.84011, 0.81245, 0.85251, 0.82837, 0.83032, 0.82059, 0.8193, 0.80714, 0.83855, 0.8372499999999999, 0.85851, 0.8327, 0.80511, 0.82366, 0.8336, 0.8276399999999999, 0.81312, 0.83413, 0.81099, 0.82121, 0.79153, 0.78844, 0.82402, 0.82883, 0.83002, 0.78682, 0.84662, 0.83565, 0.79406, 0.84333, 0.81081, 0.80974, 0.80492, 0.79766, 0.84483, 0.83702, 0.81468, 0.86551, 0.81138, 0.81613, 0.82914, 0.79519, 0.74607, 0.84189, 0.81626, 0.82624, 0.79958, 0.79993, 0.80903]"
shuttle,CV,LOF,0.813,0.829,0.013,"[0.78778, 0.8361999999999999, 0.82804, 0.8045, 0.80645, 0.82591, 0.79109, 0.82698, 0.81001, 0.82758, 0.78557, 0.81318, 0.80654, 0.79731, 0.81582, 0.7995, 0.82341, 0.79066, 0.81112, 0.79392, 0.82449, 0.81003, 0.81465, 0.80462, 0.8281, 0.80408, 0.78849, 0.80794, 0.82305, 0.78991, 0.80904, 0.82317, 0.79175, 0.77746, 0.81149, 0.7945, 0.81707, 0.83712, 0.8115, 0.82019, 0.80798, 0.82245, 0.81424, 0.79454, 0.82885, 0.81265, 0.80616, 0.81333, 0.82914, 0.81776, 0.82191, 0.81598, 0.80077, 0.79804, 0.82428, 0.81959, 0.82529, 0.81096, 0.8134, 0.83266, 0.82617, 0.82577, 0.80303, 0.81387, 0.81916, 0.80561, 0.82189, 0.80017, 0.81096, 0.8206, 0.82974, 0.81902, 0.8285399999999999, 0.79538, 0.81054, 0.8149, 0.8352499999999999, 0.81488, 0.80841, 0.81085, 0.81635, 0.81042, 0.82228, 0.81955, 0.82121, 0.8285399999999999, 0.8237599999999999, 0.83307, 0.79183, 0.79469, 0.81795, 0.81156, 0.82414, 0.80606, 0.81045, 0.81522, 0.8264, 0.83414, 0.80569, 0.81524]"
shuttle,CV+,LOF,0.822,0.837,0.012,"[0.79775, 0.83458, 0.81447, 0.84718, 0.80178, 0.83852, 0.81401, 0.83643, 0.83254, 0.81984, 0.80061, 0.82608, 0.81763, 0.80286, 0.83582, 0.82415, 0.80527, 0.80902, 0.81873, 0.79958, 0.83149, 0.81855, 0.83122, 0.82656, 0.8132, 0.81456, 0.79771, 0.83053, 0.81887, 0.80252, 0.82262, 0.80013, 0.83182, 0.7867, 0.81722, 0.84592, 0.80486, 0.8220999999999999, 0.82223, 0.83023, 0.82317, 0.8295, 0.80602, 0.82352, 0.82197, 0.8408, 0.8142699999999999, 0.8228, 0.83308, 0.82278, 0.83194, 0.83273, 0.81465, 0.83114, 0.81075, 0.82647, 0.83141, 0.8192699999999999, 0.81963, 0.84561, 0.83254, 0.83629, 0.81614, 0.8263, 0.83048, 0.81496, 0.83333, 0.8208, 0.80873, 0.82712, 0.84016, 0.826, 0.80701, 0.8196, 0.83768, 0.8206, 0.83885, 0.82872, 0.81983, 0.81664, 0.82531, 0.81956, 0.8279799999999999, 0.82721, 0.8241499999999999, 0.83228, 0.83205, 0.83917, 0.804, 0.80073, 0.82764, 0.82282, 0.83583, 0.8123, 0.8233199999999999, 0.82273, 0.83722, 0.83994, 0.81619, 0.82347]"
